"id","y"
1,81.6346688450772
2,98.4576489092872
3,81.0958952985447
4,79.2473288194841
5,120.046347551958
8,93.1020493752906
10,113.079026412645
11,95.3470939874473
12,117.277308150548
14,94.6169877567866
15,116.937307555214
16,105.007285704684
17,100.721923974868
19,95.4355860599318
20,104.994413843764
21,102.940538432646
22,117.635341871401
23,101.426174696635
26,96.5387409000153
28,95.7168949078422
29,97.5036019931086
33,97.4443642405082
35,95.1838261003821
41,97.4473385237188
42,94.46333858561
43,117.368696368737
45,103.857865149658
46,103.852331174473
51,94.0650130866495
53,80.1572303149886
55,112.91867104826
56,94.0956437656392
57,103.942100592956
58,95.1797324523629
59,103.843558178986
63,112.304654989426
64,94.8763540628457
65,105.24970272577
69,94.526867369783
71,95.6481092456788
72,103.653559116968
73,94.391415606113
76,103.958833895516
77,104.874994135844
78,115.320997924209
82,94.4731157469751
83,105.237983862424
84,94.1909502280599
85,103.776581909431
87,112.29040813485
88,96.5693802832438
89,113.177151410319
91,94.6372656027693
93,94.6826485615109
94,104.715319750207
95,95.82987662765
96,111.67848312701
97,94.4245087692742
98,113.174023241124
99,93.7867731277842
101,104.202382299444
103,113.176989126885
104,93.9396786182873
105,111.895014565805
110,95.1273647281835
111,112.362902590354
113,112.980684283962
114,93.6103280198598
115,114.378701365864
117,113.176826843451
120,94.0030166758962
121,112.533340892844
122,94.2182177175677
123,112.880786479593
126,112.378063075444
132,112.402204670857
135,104.837292932046
137,104.211941623672
138,94.5756356964246
140,94.0596536872677
142,113.271743439485
144,112.724432463569
148,93.5436231190086
149,114.209487825478
155,94.4468358659235
156,112.431559289498
157,94.5759332232694
162,112.400678223293
163,94.6839906744657
167,94.3398022195971
172,116.276574008303
179,113.623741806705
180,94.1292481082429
181,111.60208536658
182,95.0883660610643
183,113.176061792976
185,113.176038609628
187,112.347930163454
188,94.1979256444543
189,94.1139340064405
191,94.2954493575658
192,113.529385664483
193,94.6762028336593
194,112.115924952925
195,93.7964515813495
196,113.271146225801
198,95.0583144831058
199,112.671499048792
201,104.460794464172
204,94.3912593952863
205,105.106768169081
206,94.0598622724553
210,94.2034546776066
211,104.201107215319
216,112.560739856948
219,115.838011396226
220,93.94137034042
221,111.806070687752
226,111.601563741256
227,93.9809147149776
228,112.422495924924
230,112.166349502854
231,94.0249503173332
235,116.618939027323
236,93.6583502695046
238,113.025361896266
242,104.902999052175
243,94.3579428897673
244,79.7112655665202
245,111.962855818689
247,117.324215802983
248,92.6698999111739
249,93.9570127676996
250,111.939198858976
251,93.6581763943966
253,116.6272778422
254,93.9885359177627
256,94.3706446345631
257,93.5424737662181
258,112.513562805425
259,93.9072914051157
262,81.8325500161868
266,94.4841424937679
267,114.488672919234
272,103.67669180074
273,113.171765877126
275,99.2681829792881
276,114.144135182545
279,94.6600786724379
280,105.233678513122
283,94.4116642249085
285,112.500936762014
288,113.171592002018
289,93.7103972928282
290,104.510994189475
291,94.5858840088588
292,111.757132710647
293,112.389711278266
296,106.968431847293
297,111.83480586036
298,115.284613934345
299,94.4397979448924
304,93.5733562603648
305,86.8196002388892
306,94.5340435648474
307,111.584180927327
311,110.248985217575
313,111.586560412928
314,93.2508686886591
316,95.4003107451482
324,94.9504744554537
327,95.4945464820236
329,93.9264583806999
330,112.162380610117
337,104.278978683147
338,94.8581851831094
339,105.05569800454
340,94.787248380952
343,93.5420374506133
345,115.493693484479
346,94.2904398445096
347,114.857799194537
349,112.315402464839
350,93.3090745491872
352,112.390875894844
353,93.628494166952
354,78.8055509894336
357,93.9543757496899
358,112.728755209157
362,113.541705201181
364,115.791717389999
365,108.851347606445
366,94.5469307889549
367,112.270418847368
368,94.6243253990721
370,78.7003173464793
373,94.8046072055682
377,93.6889590576702
378,112.439508274294
382,104.091615387163
384,112.368718731386
390,94.4270856159444
392,112.339715256909
393,112.768388822497
395,94.9295421257346
396,105.001728117866
399,78.3798621126984
406,111.587727972383
408,111.587704789035
409,93.9091075003916
410,79.4435794630803
412,112.307821431671
413,92.7683392972327
419,94.3637304883909
420,112.680763010276
421,92.8803913353139
430,101.112245140944
434,93.7757873540825
436,95.1136729074156
437,94.0587134015364
438,93.0890087678264
439,112.706619669741
440,94.0828170789853
443,113.101513813048
446,94.4564156548127
448,94.5783362385573
452,94.451378405198
453,103.854048099431
457,104.320612033761
458,94.3601798615078
459,114.511114333754
460,103.799267474945
462,105.290724044303
464,104.07078168929
465,115.83622795969
467,118.228883624141
471,112.050798168001
472,78.2898283313798
473,95.3634116206156
475,94.8505621941006
480,94.7855769229201
488,112.271615970578
490,111.58205965101
491,103.811277931328
492,78.9266709464566
493,94.1936848437184
497,93.2925372677539
498,112.751858706542
499,94.4993840737782
500,108.292307604982
501,94.4374477231145
502,114.135579485202
506,80.7181647425038
510,111.877203259529
511,93.3177266964872
512,93.7774102244999
516,103.955998886965
518,93.4781154154596
519,114.544772210999
521,93.3304163171846
522,112.907628989445
526,112.37830868095
529,95.1263347368126
532,111.90280765964
533,95.5679442415788
536,113.255766508474
537,100.521351618488
539,94.5221374079852
540,104.083079022817
541,94.7032915834866
543,94.1974505253143
546,112.557230917837
547,93.716815209826
548,79.0820240201642
551,93.7385227475227
552,103.891427818416
556,104.168976881495
557,95.1159751304967
558,112.26820483766
559,94.6114435699404
560,104.479046575301
562,105.079250981
566,94.563589758401
570,112.751024106024
571,94.0571601172386
572,105.262764447479
573,94.2811907146
575,115.834952875565
576,111.491171821966
577,93.2479180062474
579,93.2013355662098
580,111.917244537989
581,112.500902190282
589,111.580912075297
591,103.031157165593
593,94.4527465970422
594,103.107878336627
595,94.8254818002946
598,93.6426045585512
602,111.784536727236
604,112.557477718934
606,112.613101857712
608,94.4197129013351
609,104.180126182184
610,94.0321269248485
616,112.078346556314
617,94.4157609782937
618,103.228511280629
620,104.250926503877
622,112.468851322254
623,92.5866798140161
624,113.618314289678
626,111.973170694166
628,112.480169306273
629,94.4226190482635
630,112.078231998347
637,95.1364391175681
638,105.00019337826
643,94.3611051863822
645,94.7836642967325
646,115.658981383492
648,95.9360125036513
652,94.5972430412781
653,93.9801953991354
654,112.750050405419
656,112.57265412858
657,94.5777913643985
659,93.8728984781942
660,104.433786881543
663,93.5954462207326
664,112.612124850468
666,103.643741238229
668,111.488854937678
669,93.6985588854227
671,95.052096827011
675,93.5680854240217
677,94.046546345074
678,111.482438878137
679,104.253532421526
682,94.5592238433067
685,103.953397412124
687,94.4187953697387
688,94.1132149916905
693,112.034959369521
696,95.8763149110085
698,94.1312083989021
701,95.9689269580654
704,104.86652796279
705,115.529777952441
709,112.980776859442
710,93.8479113770068
711,104.245692218078
712,94.8777427361967
714,111.746538873915
715,93.8546459834195
716,111.555786266538
717,94.1046207155751
720,115.509358508636
721,94.2439795375077
724,105.697917929541
725,94.2298217810019
726,112.889224579742
728,112.728546167551
731,94.1728871342339
734,104.685739605102
738,94.1489782152249
745,112.175348149568
746,93.9025282781868
751,79.2433751003843
754,93.8234515742378
756,94.1215166258849
758,94.4416328260874
759,113.582946449173
761,116.156560780666
766,94.9280249974328
767,112.18650231992
768,92.5861968362472
769,112.619602834712
770,96.3467737021875
771,78.9676441244941
772,104.600678153263
773,93.6962053366801
774,112.470819743911
776,112.326360972803
777,94.1984257648052
780,116.533516037033
782,104.022740542078
787,103.389198576012
788,94.4827011951254
792,92.6520247965562
793,111.985469970043
798,94.0860988745588
800,93.099545002679
806,111.567514622335
809,112.621581279296
811,113.946275143112
812,93.2624939621836
814,115.85662704559
816,104.17759114941
817,94.5648178676277
818,107.077256657228
820,112.201169852436
823,94.3846414467391
829,93.010754542275
830,113.266926308115
831,92.5460940516345
834,112.056431811373
839,94.9195227812158
841,78.9900665842346
844,104.097563036684
845,94.0032569464319
848,93.6479397737346
850,96.7077772825592
851,103.830778933361
852,94.7235505956154
854,93.6864611864667
855,94.6340336656325
856,102.992870755482
859,103.484764037139
861,112.472438323135
864,93.6135764506928
865,112.495018197488
866,94.2344147425874
867,93.8542627163062
869,94.688808020401
871,93.5759935005135
872,111.569928486249
882,103.048806307841
883,93.7225820217495
885,94.6283804527777
888,95.8127896676995
893,111.687062464652
901,111.382403678518
903,104.02383306281
904,94.4024762528116
905,104.314365254381
910,94.8905931135101
911,112.32116971716
914,113.064520638631
918,112.762060822151
921,92.8118892034723
928,94.4342462551783
929,104.164736871253
932,94.1919044382417
933,105.015664998947
934,94.8903149133374
935,112.438681850845
937,79.2851809639094
939,94.5172690034371
940,103.18818262734
941,95.0035209479976
942,103.463888625523
943,94.2434814705555
944,103.792515539406
947,111.582326627799
949,112.808046981601
951,112.210319427178
952,94.7541897688644
953,104.019332086048
954,80.0655112609536
957,112.528400095076
959,92.7535405477466
960,116.024057834072
963,115.971009098424
965,111.582117977669
967,104.189914825329
971,94.4370700616702
972,78.5751204695478
973,94.0982068039506
974,112.557009038338
975,95.7070530626326
978,117.146968540656
980,112.750993555575
981,94.8861474928849
984,113.244614881454
986,94.8912024213616
988,92.5964869389932
989,112.194438008095
990,103.704574367507
992,111.485154378189
996,94.1743217702669
999,112.947554164578
1000,94.2171378967078
1001,112.5709741802
1002,92.7182392255719
1003,112.453866788487
1004,93.2807915886577
1008,112.159245886626
1009,93.2607714990361
1010,105.12378430773
1012,116.591097568751
1013,93.1691154707272
1014,112.848936754206
1015,94.4357212549514
1016,116.226452478966
1019,95.5446906944002
1020,112.839940776305
1021,94.9117266851071
1022,104.620798751163
1024,94.9116919100855
1025,80.1675801274794
1027,94.745274420279
1028,104.779155884145
1029,95.6611066540597
1030,94.0621917892517
1033,112.784783841871
1036,94.2650384243196
1037,112.109992574354
1038,94.0047249429626
1042,94.6418532592713
1043,103.737897102411
1044,93.9164756025346
1045,112.309118744625
1047,114.682444791826
1050,94.0515131218605
1051,111.771699994667
1054,94.3794155523031
1056,94.9003181970977
1057,93.8285260893774
1059,94.7970203267487
1062,101.142430510606
1063,104.419047919234
1064,94.9002254637068
1066,93.6943825721283
1070,104.309604820165
1076,112.414259779621
1077,102.04424370245
1078,112.425999095069
1080,112.508984549003
1082,112.200662749575
1083,95.5341824488482
1089,112.739762890103
1091,95.993391981896
1093,94.5107315735228
1097,95.0645465330561
1099,93.591340874596
1101,95.1987428733334
1103,95.7243113121726
1104,112.34313977842
1106,112.121899036352
1109,94.1404586389244
1110,112.571175611665
1111,94.0049638606297
1112,112.000383467772
1114,94.2053364383434
1116,94.5790010470936
1117,112.901009515451
1120,94.3972547581388
1124,112.829536563949
1125,93.7584035008672
1126,112.673180294564
1134,112.29803232505
1137,93.7730908698123
1138,112.490522787403
1144,111.918238868829
1145,94.919361710073
1146,93.5509981790251
1148,96.0206655822859
1150,94.4715275727015
1152,104.356482225829
1153,94.8064139718386
1154,103.551775326764
1155,94.5344897298773
1157,94.5400999330726
1162,94.89666241303
1165,112.944487977425
1166,93.8992005602973
1167,104.612073834327
1168,95.2902310423824
1169,103.6823068894
1171,116.548447700404
1172,95.4740577378868
1173,103.682260522704
1174,94.5575391125873
1176,95.2826427443254
1177,104.276805658546
1178,94.2265854875311
1182,112.543972860983
1186,95.1152075322268
1187,113.163249155409
1188,93.5942071043983
1189,116.922828183698
1191,104.513355073798
1192,95.0474936585823
1197,112.630843433769
1198,93.8327600325399
1200,78.9198146427854
1201,94.8076670672879
1203,95.4710379809255
1209,116.154991246197
1214,104.366965037039
1218,112.637102926261
1222,94.503317758439
1226,95.1188599085522
1228,94.1285238792418
1230,94.3488998250393
1232,79.0247092940489
1233,95.1739858347691
1236,114.912937248771
1238,95.1284495065591
1241,111.975756545963
1244,105.219133335062
1246,94.9563781813131
1247,112.833739981225
1250,113.37871049241
1251,93.9143324336613
1254,112.909400964394
1255,94.6968581360094
1256,111.605996049365
1257,94.0715483103282
1258,93.9796651992547
1259,111.943377282226
1260,94.8783288706265
1263,112.315505496423
1267,78.9387512090715
1268,111.117184398405
1271,94.8447702584695
1272,112.069571075726
1274,104.77624726619
1275,94.9662270859472
1276,112.008911712611
1277,94.3710776572458
1279,93.6009370975665
1281,94.6906214274598
1282,93.543546767654
1283,112.480369438592
1285,112.686363521548
1286,93.9672156043703
1289,112.716083259654
1296,112.890672908804
1299,94.4582062767398
1301,94.452049025396
1306,94.0377451387777
1307,94.4316600136342
1308,94.0864023491682
1313,112.011219230183
1314,95.146152612045
1315,112.603696169108
1316,94.3453538985685
1317,112.083097708866
1319,94.0043804249345
1323,95.0522172744108
1324,105.333637274801
1325,95.0112471747057
1328,104.303992026504
1329,94.4613774917083
1330,112.741537960905
1331,94.2529984634631
1332,104.841025984451
1337,95.0812762736727
1338,112.370392714008
1339,93.6580772722998
1340,112.647513860727
1343,112.940477253784
1347,105.097121613143
1348,94.3600694790669
1349,104.358021833434
1352,93.6305855953158
1354,95.8209577537076
1359,112.8735435461
1360,95.137786917634
1363,112.029692787766
1364,95.8742072522944
1365,104.107414176347
1366,94.7608983061324
1372,94.9871559530347
1375,104.405593183241
1376,94.0736152716843
1378,93.729641327068
1379,113.125238439816
1380,95.239263373962
1381,103.621301480908
1384,114.373496262924
1387,94.5295739047523
1388,112.105441778714
1392,79.2074614262629
1394,103.99025794079
1395,94.9843882290858
1396,112.138820879808
1398,94.4757828870944
1399,112.138786104786
1400,94.6798971396424
1401,94.689294538533
1403,94.722321718508
1404,111.615284631679
1406,112.138704963069
1407,94.3253785951539
1408,112.364260087827
1410,79.0011676444244
1412,112.175604915793
1413,94.7415143878593
1415,94.8165608097383
1420,112.364120987741
1422,112.534828760275
1423,106.834400852847
1424,112.364074621045
1425,95.0340337058699
1426,79.0017904132921
1427,95.3683285309409
1429,93.4072810396013
1430,112.529665036365
1431,95.2986469412394
1432,103.99751353641
1434,112.581293285151
1437,94.6955252853762
1438,104.456241738839
1440,112.625856868943
1441,112.438758809328
1442,94.354529619127
1444,112.130657161294
1445,95.0263240417815
1446,104.39426913778
1448,94.119099576038
1453,94.4642461388391
1454,112.175118065491
1455,95.0183957522949
1456,113.2148405468
1458,112.175071698795
1459,94.2743453772372
1461,94.6063409729104
1465,94.5819737906492
1466,111.888695251316
1469,94.9999928669146
1472,94.4874837420878
1474,94.8237414048101
1477,113.073451447581
1479,111.940098648046
1482,93.6751684276668
1483,78.6041422241322
1487,95.0727907079127
1488,112.781464695836
1490,112.821191976769
1492,111.705097369641
1494,116.744966144394
1496,103.978519249282
1497,95.0575261034384
1499,95.5934206457993
1502,95.5681716767593
1507,112.23081553232
1508,93.6387539991084
1509,111.956451642459
1511,94.455713056535
1512,112.618111035827
1513,114.694907492006
1514,108.535727579626
1518,112.750269683655
1519,93.23632589243
1522,112.411440650365
1524,78.9713278063111
1527,94.3535443268486
1529,93.0381157291569
1532,103.750467898826
1536,112.745249738742
1537,116.189539600347
1539,105.16117952763
1542,116.272218626242
1543,94.069975564037
1544,104.640093770776
1545,81.1727402810784
1550,94.0705632659072
1551,112.395064435328
1554,105.02432682106
1556,104.677964655054
1559,93.9895182669112
1560,80.0608042608624
1562,96.5545552750354
1566,93.3802080653664
1567,112.609550979168
1569,104.400094451439
1570,112.128914406273
1571,112.664573215951
1574,93.6379889486333
1578,104.402260521205
1580,94.2662796807123
1583,112.723164452813
1584,93.6378730318947
1585,112.781011100333
1586,94.9950235312901
1587,112.561143983535
1588,92.9731893359763
1590,114.142872131464
1592,103.620671955015
1596,111.522780399461
1598,112.136460516398
1599,94.3237836903866
1604,114.699195037836
1606,103.499425137341
1607,94.7425996485399
1608,103.615895740931
1609,116.442331932342
1611,94.7135357332737
1613,95.0319241360137
1616,95.2329493136533
1619,112.597789532649
1620,93.6615240690901
1621,112.539120853825
1622,94.125631230125
1625,111.273380410669
1627,116.442123282213
1629,112.524755072976
1634,95.1012265738636
1636,94.0396353644125
1638,103.988186826112
1639,94.8768981393837
1641,95.3902899496806
1643,94.7821424573342
1644,102.998441613522
1645,116.786466839238
1646,94.1077957607027
1647,105.609382116517
1648,94.8568458966214
1652,94.2490088212422
1653,112.571890518595
1656,97.6255119956183
1658,94.3230997816286
1659,112.507085240558
1661,94.4509936642636
1663,94.7441325216394
1664,112.830349687268
1665,94.6304049618837
1666,104.669874853701
1667,103.723276046831
1668,79.0946427360028
1669,103.929825208769
1670,94.7650137028562
1672,112.741296753019
1674,112.660573867458
1677,112.767702621103
1678,94.0762013808626
1679,111.934638209743
1680,94.5014876691025
1683,104.38124160578
1686,104.357723806971
1687,112.579351672918
1689,112.554451750874
1690,94.5068156053216
1691,115.677897304837
1692,113.016433703678
1693,93.6366095394435
1695,94.4152421400047
1696,94.4783132121879
1697,112.473685772576
1700,104.524466291803
1701,94.7100743722684
1702,112.601622264946
1703,93.2115153391205
1704,113.117411289384
1706,95.3219016508037
1707,113.581220063164
1708,95.2547802825092
1710,95.0700108567559
1711,103.767740326138
1713,104.989327599469
1717,103.871619792124
1719,104.397356503287
1720,94.0158788387956
1722,94.3007004250005
1725,103.579989287211
1726,95.1767941790003
1727,104.175480304526
1729,112.565114225732
1730,94.0721403152121
1731,112.713634356291
1733,104.522682501103
1734,94.8245642625057
1735,112.549938359324
1738,95.034691688825
1742,94.4483893895289
1745,112.658349593151
1747,94.798624508949
1749,95.1049104950286
1751,95.0205934739441
1752,79.1242324938318
1753,103.385853558202
1754,94.9787555795596
1755,95.2358611634037
1756,105.294261713138
1758,113.465019876385
1759,94.749071407366
1760,105.180970907665
1761,113.627208537446
1762,94.5339053985345
1763,111.698312428767
1764,91.4293787359397
1766,94.8457147165021
1768,95.0203876777571
1769,79.2363671718432
1771,112.311136420714
1772,94.7717560638964
1773,104.464388158265
1774,95.7989580226419
1775,112.601592381785
1777,113.15153099376
1779,94.7623537747351
1780,106.437393398974
1787,93.3847792076891
1788,93.8390056070792
1790,95.2681637461203
1796,112.236326620945
1801,93.3104614335573
1803,94.150461886554
1807,112.394899714982
1809,113.552065586543
1812,93.9271110598757
1813,112.605049279183
1814,94.905596888193
1815,112.836430805602
1816,94.9392569495321
1818,93.7264298273201
1820,93.9745693785773
1821,113.683749533461
1822,94.9204428817033
1825,93.9467089370328
1826,103.695489518345
1828,94.5416713806062
1831,103.861668304055
1836,112.256296558352
1837,94.0600616526633
1841,94.6793759730671
1844,103.206361842247
1848,94.2927199167217
1851,105.040426288014
1852,95.6089730821806
1853,93.8228978666534
1854,112.514915617898
1856,94.448562591865
1859,113.725359904217
1860,94.6437657075549
1861,79.6852087282576
1863,104.785890207237
1865,95.099622673672
1866,104.759161280267
1867,94.5219491337792
1868,92.8873192860124
1872,95.2569689856548
1879,94.5751384685994
1880,104.142201144722
1882,94.1862216391708
1885,104.065082745537
1887,103.970137235847
1888,93.4145311706126
1890,118.527705562326
1894,95.0261796930407
1895,103.270102555845
1896,95.07498108555
1897,112.983593895231
1900,112.709497904039
1901,93.8740553996385
1902,112.349695168149
1905,93.8493056022856
1906,111.465428998175
1912,104.42588387337
1915,94.3461559653561
1916,103.999329371201
1917,94.3649591337124
1918,103.832909612006
1920,79.5121680951084
1923,94.3437296465894
1924,104.044066114236
1925,94.9269093887745
1930,116.432319297675
1932,112.19733552582
1933,94.46341296809
1934,112.570675887719
1935,94.1375874708781
1940,79.1630733960913
1941,93.8847952602264
1942,114.340816787037
1943,94.8265255447676
1944,93.7725059334538
1945,110.901089880029
1948,116.272048066432
1949,94.0212646554617
1952,94.4708790531512
1954,93.5806869771484
1955,112.713479744958
1958,94.275934326449
1959,79.0953582024809
1960,111.685134093625
1963,95.1798761640218
1965,94.5084886873921
1968,104.534719608221
1969,95.9814962442296
1971,95.0503746805831
1972,112.541357511123
1973,93.4116470451047
1975,93.287968389266
1977,94.6516059674458
1978,94.8387193288247
1979,112.438284662881
1981,93.1350718942358
1982,112.661263783044
1987,112.559362560028
1988,93.2969243501872
1993,94.9238208277175
1997,93.9271369087115
1999,94.794821493847
2001,95.0807306030128
2002,113.954066435701
2003,93.8725303526364
2004,79.0703209632614
2006,112.979757881534
2007,94.3130702066483
2009,105.241987887261
2010,94.2819887929472
2013,95.180547839054
2018,79.2620776311506
2022,104.24063812742
2024,113.107588679004
2025,94.9787013675935
2026,104.621176460059
2030,105.493552628614
2031,94.5376822282379
2032,104.547033664336
2033,94.8374908253161
2035,94.27358604458
2036,113.028417198736
2037,93.6382100490493
2040,95.1203862547829
2043,113.361049954095
2044,105.205070345477
2046,104.083616425234
2054,111.786257080634
2055,94.6130336777151
2056,106.159810552065
2059,93.9550198127441
2060,93.9992366561764
2062,94.8438791557082
2063,112.184607723324
2066,95.1526827309629
2067,113.148038979591
2072,97.4989302306749
2073,112.488793952685
2074,95.0041303399549
2075,113.337591921328
2076,94.4141957452388
2080,94.5150470709377
2082,93.9989816393514
2085,111.905018454805
2087,113.132721092974
2091,111.614573406677
2092,94.7031550087056
2093,106.159381660132
2098,95.2466102584929
2101,111.651334140267
2102,93.9303343454909
2103,79.1462568369972
2105,104.935462932388
2106,94.6068680459167
2107,113.370021656825
2110,94.4873141483763
2114,94.7618628078385
2115,114.34241235395
2117,80.8233019308414
2118,93.5031568954896
2119,103.508006759605
2120,94.7348198149629
2122,94.4759236126784
2123,112.277615787005
2126,95.0733531583086
2127,104.845620167255
2128,94.3390978620828
2129,112.731388137285
2132,95.5036661443538
2135,104.829357800565
2138,94.572897355015
2139,116.281855866353
2141,112.117341030291
2142,94.4664303285956
2146,94.8849934545708
2151,112.381786790695
2157,103.883132227064
2159,113.265279650802
2162,94.5331598301491
2164,116.250351251368
2167,93.7052057691489
2168,111.712075595966
2171,94.1623484963637
2173,95.0153539225536
2174,104.842275977129
2175,93.9981004716656
2178,94.5787410033975
2180,95.6130388314119
2185,112.148245026565
2189,93.4615455369725
2190,112.876336854827
2192,103.384480491896
2194,113.468592294994
2200,114.143122126949
2201,94.2729663695972
2203,112.191722738629
2204,94.0895404327002
2205,112.210845868801
2209,112.875010687317
2213,103.850517039113
2214,93.9309629730732
2215,113.218350336356
2216,94.2634617449775
2218,93.9432858353685
2219,104.149995116851
2220,95.1264218989118
2222,93.9908238480577
2223,112.384066042603
2225,112.506246426183
2226,94.7183480076742
2230,94.3100074981538
2233,112.844463799407
2234,112.208831669286
2235,94.0891810908104
2236,79.3959527290273
2237,94.0538324507423
2240,114.460886450426
2241,94.7193526326764
2248,104.409758440621
2249,95.3616706934884
2250,112.277791556039
2252,112.008589686812
2253,94.5974324107829
2254,111.889818123258
2256,80.4402408926705
2258,93.943265237701
2259,112.785411986139
2262,95.9884310875926
2265,94.6546214305235
2266,104.6153104992
2269,94.5632024256233
2271,95.0947484454287
2273,93.9660252211439
2274,112.450231163631
2275,94.3146373739799
2277,94.5586568651126
2279,94.0825929728505
2280,78.6483454395814
2282,95.5997410021622
2283,103.731973466147
2288,93.1396535130671
2289,112.501040851123
2291,94.826099908823
2292,116.087623233807
2297,95.2948798417436
2298,103.952782587229
2299,95.4458686930602
2300,112.057373055548
2301,93.9167417655468
2304,94.8487897255974
2305,104.345949587165
2306,95.9977960335975
2308,94.3711020658611
2309,112.974166851066
2311,98.3455153751949
2312,103.646857105582
2316,104.113147788422
2321,103.667491609671
2322,111.997390493347
2325,103.619410641001
2326,94.5830824505492
2329,116.087194341874
2330,94.5802236994316
2331,103.8678078205
2332,112.496913737529
2333,95.9974830584032
2334,103.483818471069
2335,111.59586395675
2337,111.887895228671
2338,94.3223155097062
2340,112.496821004138
2342,100.800558203435
2345,93.9290275360823
2349,94.7777267923974
2351,80.0041965469586
2352,94.7293076706499
2354,111.829984020927
2355,115.855181269523
2357,112.491987952023
2358,94.3416503917677
2360,94.6600129758121
2361,111.82990287921
2364,94.3759831007403
2366,97.1069494693952
2369,104.279889755653
2370,94.9204293483258
2371,112.503691785133
2373,113.83972577222
2374,95.1814371251554
2376,112.537184411808
2378,111.516071058389
2382,95.3030724820632
2383,93.6768663660549
2386,103.642427765282
2387,95.256686171143
2389,95.1351957467259
2390,112.032742914242
2392,93.6917107619728
2398,112.304358424196
2399,94.6475823681017
2400,97.2884953208984
2401,112.13126312936
2402,94.6823359084219
2404,95.0768446529469
2407,112.511001661129
2408,112.505426052494
2409,112.903940693152
2412,80.6283797216411
2413,95.0806444814686
2415,95.0238875478794
2420,110.75027627852
2422,94.7821711751753
2423,103.027988208713
2426,94.6974786280214
2432,95.4185379229273
2434,93.965442740913
2435,98.3055635103596
2436,112.780435785481
2438,111.086603746679
2440,112.16024692762
2443,94.5486115247815
2444,94.2195759825791
2447,104.210109778577
2450,94.7617269651878
2454,94.3544684060941
2455,112.382179264118
2459,96.0165150612073
2460,111.762847578855
2463,94.3689890708124
2465,94.5668847317867
2468,79.123564012837
2469,93.7764151316392
2474,93.8037425193509
2478,93.9022789564465
2480,94.3214643671389
2481,114.222133486094
2489,95.9163544854705
2490,105.123673236983
2492,94.0316283450593
2496,95.9981901528355
2497,113.449760037183
2500,94.6924053353399
2505,96.0070986858437
2507,93.6307748443228
2508,112.115095029632
2509,94.6965308456333
2510,79.4986279662602
2513,93.1989404224055
2515,95.9160531019501
2518,93.6753014900833
2519,113.534766131186
2520,93.6752783067355
2521,112.978719562399
2523,112.319087391583
2525,94.2874746610104
2529,111.425920548523
2530,93.768316018629
2533,111.814571601393
2535,93.9918376089832
2538,103.636416424167
2544,111.051514495252
2553,111.748355241129
2556,93.9959637960749
2558,93.0703453253331
2559,115.386872983317
2560,93.7601948969115
2561,111.960467669996
2562,93.3382718603323
2563,111.734553449449
2564,93.6390253415398
2565,112.151131721106
2567,104.678150919084
2572,94.095270881179
2575,94.6811935952881
2576,113.388601966673
2577,93.5306174605979
2578,94.4687012599023
2579,111.972653181049
2580,93.6039815925901
2582,112.439425532044
2583,94.2247996800825
2587,93.6654196690701
2589,111.894982428048
2590,95.3987310844026
2591,111.421074362302
2594,93.6435215923174
2597,94.7355538537704
2598,104.289882863034
2599,93.5754268114608
2600,102.540827428547
2602,111.430224538395
2603,94.0949115392892
2604,104.268185603575
2606,112.07747570576
2607,78.4319559133624
2608,96.1164938472273
2613,111.50678154971
2614,94.7838503155983
2615,112.972983684138
2617,112.604320480615
2620,94.2037096138792
2623,113.087367830222
2624,94.431943829452
2627,111.506619266276
2629,78.4317008965374
2630,99.1145920975778
2632,94.7715083865531
2636,94.2907513336378
2639,94.4383446996019
2640,104.525661224121
2642,111.41678801685
2644,104.421444757332
2646,111.783859101277
2647,94.2645884467046
2649,94.3649115618573
2650,106.851407605114
2652,104.129550664718
2653,102.505872081978
2655,108.185121611833
2657,111.911038899578
2659,111.823503614109
2662,93.6305906506293
2663,114.220501910175
2664,94.4778576149559
2665,103.10078568376
2670,94.13929445065
2671,103.419586617984
2672,94.1374642273405
2675,104.10279988467
2677,111.577398669062
2679,112.34642608192
2683,112.189487091593
2684,94.2630653107001
2685,93.8448385347805
2688,103.56822278592
2689,94.7145508004162
2690,103.701836153474
2693,95.6772030083791
2694,112.443384771792
2697,96.6015985974096
2699,94.2077300718289
2703,93.8850394945174
2705,103.569216560885
2709,79.395947624734
2710,93.9380826088611
2711,111.44628493027
2712,94.6902942565363
2713,94.6476046928428
2714,112.958880495013
2715,93.3356033442219
2717,92.8328112759502
2718,113.072434264461
2720,111.58267241876
2721,94.2079639761401
2726,94.5529371088147
2728,93.8244305014702
2731,103.126717531954
2732,111.189816947471
2734,93.9442705882468
2736,103.547047242073
2737,94.249160103963
2738,103.016533856406
2739,112.977998211732
2746,93.6870642967258
2749,103.016380285946
2751,117.695292566108
2752,104.563259098793
2753,94.0026198571845
2757,104.576943213783
2758,94.3430727161879
2759,113.032292616015
2760,98.3457384812478
2762,111.806508656039
2764,94.1394300281045
2765,111.742371395074
2769,112.331572172718
2771,112.217540152686
2774,94.3380097367478
2776,93.6195909527664
2777,114.729631930249
2778,93.9474542599605
2779,111.917897495251
2782,93.0658937841603
2784,94.7207837670549
2787,94.3719061506562
2789,93.9594584535952
2792,94.3549064876609
2798,94.6933048520953
2799,103.867614455667
2800,96.0820279404365
2801,78.9465804629807
2802,93.5894780006904
2804,93.895292715276
2807,103.145845002622
2808,94.6344847658095
2809,113.918561172628
2811,115.387032621564
2812,94.3036679102246
2814,92.7595204407144
2816,94.4736815357927
2817,112.66157532737
2818,111.737622115298
2820,112.065722671028
2821,79.7151379633918
2822,94.4227066769511
2823,103.910391044135
2824,94.5867197063854
2826,99.2002249427722
2829,93.8925160130533
2834,93.5729983335198
2835,79.1482828520534
2838,94.8588038116739
2839,111.950526960354
2840,93.6798423120614
2841,112.377672001155
2842,95.481212006107
2846,113.031872593078
2848,95.3667134760123
2849,93.6656107809834
2850,112.940534618187
2851,94.363379140164
2853,95.7849832880332
2854,111.387757400839
2858,113.397708010629
2861,94.8045740500673
2864,93.8921259144196
2865,113.978505851039
2866,111.916330899222
2867,93.1913174205375
2868,112.809427051441
2870,112.610263228047
2877,98.6271792354092
2878,111.475180906852
2880,111.963544865244
2882,78.4847239485796
2883,94.7243280184767
2884,103.387542331988
2885,97.0476769035251
2887,95.4149224567922
2888,111.620017214236
2889,94.6892228404299
2890,103.906490059595
2891,97.7616030767496
2892,116.086336442645
2893,94.2727379707554
2898,112.653893035389
2899,94.1467487514613
2900,112.678910517929
2901,94.3205925144329
2909,94.8318251457047
2910,112.059691797532
2911,112.364547378605
2913,112.45163738504
2914,95.3017869935318
2918,94.2913360056868
2919,111.8786347849
2920,94.1871553982608
2921,111.474682464876
2922,93.7755337181888
2923,103.746673776874
2925,111.569389909023
2926,93.4490334751584
2927,111.697557265775
2929,112.05223505986
2933,93.3536605169891
2934,112.30672448943
2936,112.876690204736
2941,103.11836703365
2942,93.9827136897962
2943,111.612713557123
2945,104.617474417793
2950,93.4530787034973
2951,112.450728402645
2953,114.383014369935
2954,94.6620306715378
2955,103.840271833993
2956,95.745733696334
2960,95.1060183739332
2962,93.9043873607629
2963,105.277294722076
2964,104.152389876467
2966,78.7667762667664
2967,94.8016262864301
2968,113.010125349739
2969,93.233930192854
2971,94.0171292851519
2972,95.2013926200884
2974,94.3859289237567
2975,112.665892902094
2977,117.578682064124
2980,113.197246553247
2981,93.6790822296501
2983,95.164921336402
2984,104.524977248654
2985,115.979256036339
2986,104.46799907332
2987,95.2012187449805
2989,93.831250461338
2990,112.312780355925
2991,97.1232287964378
2992,78.7206035943729
2995,97.0559893306815
2996,103.407339671325
3002,112.858234856748
3004,112.506057067945
3005,115.904858858623
3006,95.3173922559049
3010,94.9626401166186
3011,103.970757346405
3014,93.6417364506644
3015,94.3014424514619
3016,94.449464260535
3017,112.15201473936
3018,94.0292245903315
3021,103.20993061994
3024,104.300108894437
3028,93.8933752137269
3030,93.9586984006598
3032,94.5683207365067
3039,94.8019534616659
3040,104.556402310556
3041,97.0110764988222
3043,96.1527912971494
3044,112.281247513254
3046,111.89665984564
3055,93.6642927700121
3056,112.658962312835
3058,94.0384712690422
3059,111.721721584936
3061,116.453678292047
3063,104.345536476722
3066,94.5436607660183
3067,104.316491759427
3068,78.8653679951193
3069,94.3219720658229
3072,114.503842094588
3073,112.862599542545
3074,94.2669524421888
3077,93.225644269232
3082,95.290016740599
3084,97.0602499283808
3085,112.422840736403
3088,104.411274986295
3091,93.7932321049714
3092,112.507562481421
3093,94.9702618988779
3094,103.386486701188
3096,112.679002016986
3097,93.9080985945335
3098,78.7564245452165
3102,115.419268371878
3106,94.161330723212
3109,94.1915010937096
3111,92.7807683314089
3112,115.848524148478
3113,94.6328837444125
3115,96.7976209579337
3116,112.134391625334
3117,94.2025413647589
3121,112.376832035476
3122,94.0638836269626
3123,94.6262186753221
3124,104.555604180736
3125,94.4504082062348
3126,102.56259225181
3127,115.512865023799
3129,94.5494641103245
3130,112.385775080528
3132,104.742349452466
3134,104.305608795891
3135,96.348530050601
3137,78.7803843610693
3138,96.9439665151908
3140,93.1610342072563
3144,112.285622189399
3145,94.8005444268188
3146,113.307575067002
3147,96.6112995332118
3148,103.812810075476
3149,103.264441441473
3150,112.555157199933
3151,94.2847338186295
3152,94.4607190381713
3155,94.9849965847602
3156,113.311374671291
3159,93.3718139321969
3161,94.624455683119
3162,104.061473091365
3163,95.6084101529146
3165,103.087986363904
3172,94.2107590893334
3173,113.352574463591
3176,94.2664706627593
3177,103.95221326278
3179,112.660707867781
3183,93.8404489729913
3186,94.6423239304676
3187,102.877606665869
3189,112.015653407581
3190,94.5480324252652
3192,115.497864942276
3193,94.2273995142799
3194,112.654342794748
3197,94.4942739182402
3198,94.6266539842928
3200,94.7518875419954
3201,116.225377067567
3202,94.6400531538929
3204,95.6988099485861
3205,93.8011772285504
3206,112.957152161969
3208,103.215786717072
3210,103.255137134173
3211,94.2794015921696
3212,116.374637096429
3213,94.5520199765222
3214,110.897925951261
3216,104.465205137221
3219,93.7838920635662
3220,111.017833615654
3221,94.6450799230623
3226,106.692364363156
3227,95.0257173505047
3228,112.513667569121
3229,94.4457771073988
3232,78.880720961142
3233,94.4652087391048
3234,94.2694282574299
3236,94.7425069189006
3238,111.657348963374
3239,112.496554577782
3240,93.7598065345398
3247,112.03682994739
3249,103.77729926672
3252,117.556547123876
3253,94.777878689654
3254,104.128825054662
3255,94.0411633867306
3256,113.359253018779
3257,94.1859495625051
3262,94.7621133045307
3263,104.142994975999
3264,95.7587268763112
3266,112.546174730864
3267,94.1745507430292
3269,94.8863289622209
3272,115.90555060452
3274,94.4976004145284
3275,104.793823120694
3277,94.6679479174878
3279,95.9703121288831
3280,103.90938509566
3283,94.8873661338868
3285,95.6970470483938
3287,92.9221263079838
3288,104.256131299235
3290,104.488425093767
3291,93.9349279164961
3298,112.344324496471
3299,94.4763396766738
3302,111.442371529558
3303,94.2446340062072
3304,104.320650135745
3307,93.6326210968425
3309,94.0724943958158
3314,79.8036775336899
3316,112.601506608864
3317,94.706660600532
3319,94.3367803023631
3320,112.535103106497
3321,94.6486528835305
3322,104.447587480205
3324,93.1752740711926
3326,93.9140380867424
3329,111.96721354866
3330,93.8417473766842
3331,112.774665742941
3335,116.340389665271
3337,94.5308543966045
3338,104.350079486954
3339,95.2183431667352
3340,112.449453302435
3341,95.1341673432058
3343,95.9065703291538
3346,92.9191497131939
3348,94.3763431463328
3351,104.255388308124
3352,115.872976542096
3355,92.9777586551276
3356,112.768273256308
3358,104.138346515787
3359,95.5967391032032
3360,112.000927537297
3371,112.723237267778
3372,94.4863621159656
3374,95.1077718195758
3377,111.976483773398
3378,92.9742037204357
3380,103.794827144561
3382,95.6448246774668
3386,94.8240088479136
3389,112.401339025715
3391,103.010662574557
3393,95.539830575239
3394,103.25232271225
3395,94.245114945556
3397,111.701352735018
3398,95.0168705519855
3399,79.3789489414936
3400,95.0461186286876
3404,103.330729030765
3407,112.113000700161
3409,104.682698584016
3419,94.6019835607691
3421,94.4291325382615
3425,94.8476830561863
3427,79.8580908188178
3428,115.867016941256
3429,112.127024091099
3431,93.583704683338
3435,94.0333554084755
3436,112.733099596172
3439,94.9369373670055
3441,96.9223929043319
3442,115.866854657822
3443,94.6662397802462
3444,103.137474609688
3445,94.2162853830989
3446,112.055856940312
3449,93.8331215796428
3453,93.9278502275595
3457,94.6730961428278
3460,104.005950858342
3461,94.9447576543572
3462,94.1105217595034
3464,104.272236784569
3465,78.7887903925874
3466,94.9591787747343
3467,103.745041995749
3468,95.1781666495007
3469,104.192253996223
3470,102.929233037391
3472,111.643601864066
3473,94.1902929779882
3475,93.4291255365702
3476,112.24497187651
3478,104.054358529927
3479,94.9566839156902
3483,93.8720630473278
3484,103.295391341803
3485,94.8624834736936
3487,93.9634081572693
3488,112.130717845018
3496,113.60059505732
3497,94.5476608748024
3499,95.1183795833214
3500,78.5868669309999
3501,94.8460476772952
3504,94.3804752188501
3508,105.505557282201
3511,93.9955252137486
3512,112.441436795985
3515,93.9385928477714
3517,94.2281613538697
3518,102.587937849479
3526,112.519585824459
3528,116.550876513746
3529,94.3196051267722
3530,113.56309727416
3531,94.3330386750617
3532,112.842940068925
3533,94.5172961084446
3534,94.4038215208095
3535,78.660939064132
3536,94.1663549325062
3537,112.089026213696
3538,93.8267022957804
3539,111.96311847774
3540,104.732607106021
3545,112.062035607271
3546,92.8180010743782
3550,104.621237056288
3551,94.5221046593232
3553,96.8151952151426
3554,104.004861240999
3557,93.9002206909163
3558,112.619813141996
3559,93.7905078928159
3561,94.3227776836346
3562,111.788721826766
3563,94.1103360971449
3564,104.186764875856
3565,94.212168145256
3567,94.0554186042524
3571,104.186683734139
3572,94.7355697849979
3574,94.9570378480601
3576,94.0841220682726
3577,111.972777671207
3578,94.5871086503087
3579,94.0618882982966
3583,94.4507006342682
3585,94.9081835763702
3586,103.39354851828
3587,112.186942987904
3593,94.9262660512599
3594,112.133075416491
3595,94.6764594187319
3599,94.5428671569831
3600,104.438430316504
3601,111.606141572318
3602,93.7878452459244
3604,95.157389946708
3609,116.190343709552
3610,112.659286826122
3612,111.08418029293
3614,113.457794584838
3615,94.7077326100442
3617,96.3233073918149
3618,112.022563814137
3619,111.910969388946
3620,112.417965789876
3621,95.262284739839
3625,94.2209781058798
3626,103.066712358083
3630,102.908428399447
3631,94.3737479915139
3632,104.560904582938
3633,94.5436654601417
3634,112.579305313392
3637,94.3451747950013
3639,94.1228240308997
3640,112.593681713242
3641,94.3876938583486
3644,112.998012857165
3645,94.273507789651
3646,93.9907534197199
3647,93.9090129558455
3648,111.850489428491
3653,112.47385209698
3654,97.0402413521989
3655,113.037339976524
3659,103.198944032901
3660,95.2299221569272
3662,112.488924272762
3666,94.2843166308434
3668,94.1437294210542
3671,94.5549758613278
3673,94.1685769363267
3674,112.424891859045
3675,94.2783306818769
3681,94.0975663635118
3682,112.473684231867
3686,110.85322942078
3687,93.54173531422
3692,80.316049209604
3695,112.507282161142
3696,94.2224932372024
3699,112.340314912096
3705,112.782094770813
3707,78.844679536011
3708,94.7638704373689
3709,112.904914930663
3710,94.2046133581755
3712,94.295228937268
3715,112.393672437848
3716,93.8925632434196
3720,113.400264009252
3722,78.844505660903
3726,94.4821619107882
3728,94.0728715941363
3729,112.577762521542
3731,103.254680593965
3735,112.343325568631
3736,94.5265448014828
3739,102.767968231085
3741,111.323148189234
3743,102.225197481273
3744,94.4770148767831
3745,112.49036363222
3746,93.9183773632277
3751,94.0239913570664
3753,93.8558187268154
3760,112.500389774854
3761,94.3888375421252
3762,111.739343930889
3763,94.2761602800228
3765,94.0902105585885
3768,112.584748482024
3769,94.2557514572246
3770,104.168000445897
3773,112.114319255322
3774,95.0690433534348
3776,94.968776938949
3778,93.7616263793085
3779,111.50960368222
3780,94.085001390366
3781,112.159210781805
3782,94.3267871973738
3783,111.500867214823
3784,93.9574167511737
3786,93.855517822303
3789,111.868322245005
3790,95.09826045287
3793,112.216496408134
3795,111.907449490332
3797,93.7135385943093
3798,115.546110692011
3800,112.242432574704
3804,95.1790344500614
3810,94.6329773255183
3815,111.86274474532
3816,95.178895349975
3818,103.059421011793
3824,111.199503894671
3828,102.692851702505
3830,111.378071288985
3831,94.3338191896378
3832,78.1902222903314
3834,111.978962348018
3835,93.3903375383021
3836,112.059134652617
3838,94.5410702023564
3839,115.869317155654
3840,112.80546859481
3845,94.1947722795734
3846,111.394519586133
3847,94.0027301648084
3849,78.4146465747364
3853,111.637493872896
3855,104.524404098932
3856,94.1716965982861
3864,79.0469328161815
3865,94.1363147389771
3866,115.441858753212
3867,93.2189937950905
3868,112.241644340882
3869,94.351530670677
3871,93.737314396573
3875,103.204793908912
3876,94.1713853441687
3878,93.7746361000441
3879,111.490435364144
3881,112.241493649121
3883,112.022432401054
3884,92.9677884729802
3886,111.519306320639
3890,93.8654290435428
3893,110.596076581779
3897,103.87463808118
3901,93.9232031531714
3902,110.748054479811
3913,112.068144639421
3914,93.7516884666478
3916,94.1353066747248
3917,111.999952837002
3924,104.66678044522
3925,94.1823213854983
3928,95.1554732073939
3929,111.963927359409
3932,93.0959184747039
3933,104.006185427315
3934,79.1930428286724
3935,93.4746971936253
3936,94.2255528332898
3937,111.433732688147
3938,93.9417696890068
3939,112.238106318933
3943,92.6770472602598
3944,111.357656249113
3945,111.994707720719
3946,94.3608899632608
3947,111.894029053449
3948,94.1348134534102
3949,111.308894779188
3950,94.1722767187806
3951,112.31864484384
3952,93.9779853533074
3953,111.605746506523
3961,115.019914187336
3962,94.0258575245541
3966,94.1554336890219
3967,102.461314653111
3968,94.5820341934901
3969,112.30479808932
3970,94.3199434116931
3971,104.107088538788
3973,93.227719393785
3974,111.725225877641
3975,113.205835037847
3977,121.439196608113
3979,112.373749920066
3985,94.4041275191193
3986,103.721140201859
3988,112.072784095143
3991,94.0126925735742
3992,103.225769760159
3993,93.834940567327
3994,95.022229036438
3995,112.344635673962
4005,112.142159458209
4007,93.4271892078789
4008,102.81425338908
4009,94.4243152657364
4010,117.579392034488
4011,79.1367131165742
4012,93.5760543275636
4013,104.809077135042
4015,112.342009486474
4016,111.595867814404
4018,112.276630951944
4025,94.0134641471349
4026,112.749994952464
4028,112.941270854894
4029,95.0969660655552
4031,93.6925609490145
4032,112.08732134125
4033,93.656677725893
4034,103.418306751306
4037,93.1711037675498
4038,103.175351786067
4039,93.9390937495183
4041,94.3958163948979
4042,111.613748875675
4043,94.5829369860879
4044,104.007805550832
4045,94.0364352266377
4046,111.74970442329
4047,94.9960385336953
4048,104.169502808249
4049,95.8824069855605
4051,94.0952246371426
4052,111.664417537269
4058,103.70494449624
4062,111.332655974405
4064,111.252899567641
4067,93.404640578378
4068,78.3648876228812
4070,93.9082705226524
4072,115.703805808999
4074,112.068115738088
4075,93.8946626799654
4076,112.029057288655
4077,94.2101150070295
4078,112.428496756967
4080,104.224726812585
4082,111.707274444877
4085,94.0735848311293
4086,112.346165366818
4088,112.749276268685
4089,94.6619828215522
4092,78.5601454657495
4094,93.289662175961
4095,111.687097990971
4096,93.4306821550092
4097,102.455570144425
4102,94.86360839446
4105,125.367246883452
4107,111.975431231804
4111,94.2762690576938
4112,104.575720532582
4113,94.4651048313918
4114,114.590579394809
4115,93.9583042477649
4116,112.134390516556
4117,93.9528409391464
4118,94.7462246947221
4119,111.713279844567
4120,94.9294444997272
4122,80.8808599487651
4125,94.0382091765132
4126,112.929115169888
4129,112.00421212826
4134,112.496068052035
4137,94.09448129619
4141,104.350044089573
4142,94.8774046437029
4144,94.4212688655745
4145,104.749745073211
4146,95.3929393921157
4150,93.9751476672704
4151,79.0386534275026
4154,93.4044408185722
4156,94.651956578184
4157,112.085303318049
4159,111.598599650028
4160,94.5213159681092
4161,111.656631859907
4168,94.2940622830567
4171,103.334325409311
4172,103.36135662941
4173,95.3148860979172
4175,93.2073703667642
4176,104.14463960597
4177,94.420886340337
4178,101.837296353202
4179,94.3523840162344
4181,112.557563526598
4183,95.0946138294533
4184,112.800661053361
4185,93.3578016751129
4186,111.97512057058
4188,119.253305273139
4190,111.593745469118
4192,93.7720734195456
4193,110.786970620961
4194,111.872150807047
4195,94.5570975932607
4196,78.3405070150986
4202,95.2346600061069
4203,104.367223553511
4208,94.4364705096732
4209,112.329450125796
4210,93.5055457726796
4211,111.629951501143
4212,116.172336417579
4214,103.897461752422
4215,94.4021397386435
4216,113.799046330665
4217,93.4821338656275
4219,94.597141507332
4222,111.437821944396
4224,83.7606025770118
4231,103.58277692894
4232,95.0940458374339
4234,92.9022761457477
4236,94.420202431579
4237,103.727382831247
4240,94.3647212010576
4242,104.082724323624
4243,94.1928612194536
4247,94.2903028330509
4248,111.98496482042
4249,93.3700213839629
4254,102.958061596329
4263,94.3617114404839
4265,111.726271526092
4267,112.249486939979
4268,112.050655646065
4271,112.288008516636
4272,94.5682069069339
4273,112.114312528022
4274,93.2566799627034
4276,93.7585393612831
4278,94.2770672047631
4280,94.8281101483716
4281,111.993398225745
4283,94.2313603418265
4284,111.879675293635
4285,94.5664209862971
4286,111.788385282144
4287,94.3921224346883
4288,112.975746033076
4289,93.4337938991483
4290,80.2845710454903
4293,93.9808142626071
4296,111.629653681679
4297,94.0035962456653
4299,93.3384326626251
4303,112.627802142726
4310,94.7615308365234
4312,103.666255136121
4318,103.960334721955
4320,112.495120537768
4322,94.2166283940995
4323,116.548975952716
4325,103.839151046128
4326,112.306989607584
4328,103.213743770505
4330,104.033800452903
4332,111.164705421822
4333,94.2112336544601
4335,93.3303667842337
4336,112.005808227246
4338,104.530615559365
4341,94.4690805931299
4342,105.299622535115
4344,103.884896517959
4347,94.5136550585458
4348,104.139994906309
4351,106.149560010385
4352,94.625738099578
4353,112.644963556332
4355,103.299315337728
4356,94.1979001525512
4359,103.562488672915
4360,94.716291551361
4361,94.3103805121626
4364,95.0376165234818
4365,103.69891379352
4368,94.8209420251902
4372,94.2123525948218
4374,93.1934450251494
4376,94.1816304808224
4377,102.892467816511
4380,94.7856582199443
4383,104.757660891692
4384,94.4658410425835
4385,102.134476807841
4389,94.010135671792
4391,94.4589449984939
4392,111.557782974679
4393,93.3646970816469
4395,93.5946076645312
4396,111.840379444006
4398,113.149199124829
4399,102.578994511798
4401,93.3024671565822
4406,94.9517012769058
4408,103.915489430474
4412,104.143517870725
4415,94.3075141621859
4418,112.569990893758
4419,93.2002094716029
4420,78.7216226805351
4422,111.635684764944
4423,93.2001631049074
4425,94.7224991701164
4428,113.12307935415
4431,112.437528192495
4434,93.5835280524657
4436,94.7155630846292
4437,111.678800780764
4439,116.245029692839
4440,94.1567788254543
4441,113.069980355025
4444,94.8547403440772
4445,104.193390948318
4446,94.3210951297294
4447,112.804123685652
4452,103.249975552814
4456,112.549402169803
4457,94.4135771311211
4458,112.074913537799
4460,94.2928860247193
4461,116.1755506363
4462,94.0901618935804
4465,102.907463312394
4466,103.090817325438
4468,95.238984019344
4469,103.43022644427
4472,112.738684961795
4475,94.38108628059
4478,93.8294504855614
4479,113.529420150807
4480,94.8444657007848
4483,79.7717664087056
4484,93.847373192009
4485,103.950331436895
4486,94.7882257309377
4488,94.2641873537636
4489,103.283620546082
4490,94.4040841503772
4491,108.131335196713
4492,94.6661419077464
4493,106.363621527953
4494,94.0458066935293
4495,102.841729788082
4498,78.8030247374218
4499,94.9183414993641
4500,103.43765942134
4503,112.345861922803
4505,102.952913341729
4506,94.5275084103663
4507,94.8960401435424
4508,104.095507689682
4510,112.62209108665
4511,92.6213477632244
4513,94.9570971226053
4516,79.7173056277641
4519,93.9566434448132
4521,94.286666430936
4531,93.8691685977371
4532,78.9206671811337
4533,97.1054101496022
4534,112.567958364632
4536,104.083843299409
4537,94.305357621919
4539,94.9028942592273
4542,102.792052978041
4545,93.7356763510217
4549,93.4307070595946
4551,94.484641459123
4554,103.367814522425
4556,112.250874420782
4559,112.850682630993
4561,112.023301822184
4562,111.196161469379
4566,112.185127810859
4569,93.9136389444724
4570,111.951544560625
4573,94.451653259946
4574,103.353707134985
4575,94.195950159985
4577,94.4845431822373
4578,111.762791784738
4580,112.393693052616
4582,93.1407625744026
4583,111.667184390868
4585,94.8038180239565
4587,104.08589189455
4595,93.8562134148925
4596,112.676788820172
4601,94.4528562369916
4602,112.556972093494
4603,94.6036161616488
4605,112.584254927476
4606,94.21415083728
4607,112.645218649134
4608,96.6587723612412
4610,94.7023951718955
4613,103.177957880336
4617,93.8724167475287
4618,111.72256879975
4619,93.9056786657561
4620,94.7370209396095
4622,102.344428793047
4625,94.3152628475878
4626,104.085439819269
4627,94.9247558320079
4629,94.1402618032734
4631,93.4481823434048
4633,104.085358677552
4634,116.569974236264
4635,94.0516916554632
4639,93.9419035733924
4640,103.78716849682
4642,103.220197990316
4644,112.289813091573
4646,104.083158221794
4647,94.8998845314379
4648,79.2595664818836
4649,93.9405690731284
4650,112.802386529872
4655,93.4250634658629
4660,94.1954411588022
4661,112.976079980301
4662,92.9459809304643
4663,112.034747187278
4665,94.7119869041498
4666,111.977758278285
4667,103.470935985497
4668,94.6973184660396
4670,94.1053115613477
4671,112.293618419691
4672,95.292770703622
4673,103.371295508684
4675,103.349883719779
4676,94.1783769801008
4677,111.889629939321
4680,94.7648831328963
4682,94.4004274058412
4683,112.017604330053
4685,104.267546030954
4686,94.5008069308039
4688,112.372762003882
4690,113.387153723488
4692,112.847309186621
4693,93.6949723735903
4697,93.7028002890632
4700,112.144987652081
4702,112.194930277291
4707,116.497230639706
4708,94.4423194357599
4710,80.391655674587
4716,100.526188779781
4717,95.1210604129499
4718,94.3253932377646
4720,95.5657389988831
4721,80.2841985385453
4723,94.9196173484427
4726,112.614517338939
4727,93.2383737457424
4729,93.9904041658737
4731,94.7591817399154
4732,112.384036198822
4735,94.0278433539247
4736,104.191654043849
4737,94.9457771596661
4738,111.448728198501
4739,111.94227114699
4744,103.797114939432
4747,94.0915715629385
4749,113.433497087547
4750,94.4418325854576
4752,112.037903518916
4755,95.4096094424807
4756,102.672137089076
4757,112.737602973032
4758,94.3448241414603
4759,103.129579665998
4763,95.0517838080941
4764,103.399306504921
4765,94.3339354661474
4766,95.4971690725266
4767,112.744363960534
4769,112.342988670377
4770,94.6652007038031
4771,78.4030003016726
4772,104.055025307606
4774,112.406730635066
4776,112.890097506909
4777,112.615023702822
4778,94.9429468394348
4780,94.7022852843273
4784,94.3071810334663
4786,95.2282559669052
4787,79.0650773647782
4788,95.7229781476416
4789,112.054577186391
4791,103.846333176716
4792,94.2661825072112
4795,112.325279102946
4796,93.9089720708049
4803,94.2829421737531
4805,95.6088127374781
4807,94.1770161203481
4809,94.6544429130979
4816,94.5757483227219
4817,80.1527098419166
4818,93.0601600785868
4820,94.2966991808763
4821,103.039166782356
4823,112.919999151532
4824,94.7114094281706
4825,112.363512451234
4829,102.536289419017
4830,95.9354670844971
4831,113.036378034995
4833,105.944632418124
4836,94.8369751947296
4837,112.376400851963
4838,93.5262143044608
4840,94.7923482994908
4841,79.7465194627975
4842,93.5368037682052
4843,113.439937742843
4844,94.1682063039378
4849,107.058339030888
4851,108.42056627102
4852,94.6364759238256
4858,94.1900607030174
4860,95.9351193342812
4863,112.309515530942
4864,94.5184599391062
4865,112.132221662236
4867,112.851644231799
4868,95.885395055291
4869,112.574470718358
4873,93.4535485848331
4875,95.5243996084179
4876,112.168841453068
4877,93.8978851255919
4878,111.510013643744
4880,78.9770105067612
4886,112.854915339242
4888,103.992780027947
4889,95.2183862283263
4890,113.767284963695
4893,95.0386471074875
4895,94.6689884779005
4896,103.989838367481
4899,94.4429072132284
4901,94.2111309323152
4902,112.590162663302
4903,94.2286899662154
4904,112.053244143896
4910,94.15087315052
4912,94.1622714246296
4915,95.6946578967209
4916,105.275966796764
4917,94.6661218458236
4920,104.073105475551
4927,103.320796544254
4928,94.2463151282868
4931,103.730672821357
4934,94.3012115600166
4936,94.9823242026452
4939,113.401779838172
4942,112.919408866108
4943,96.2533482043544
4944,103.230248562081
4945,94.7102049459898
4947,111.707981602661
4948,94.0553232319394
4951,94.5824695645822
4952,112.064210672424
4953,93.4246962498705
4956,94.2280756075006
4957,113.063171064384
4958,93.4896196058095
4960,93.7797145787055
4968,94.5188605247266
4969,103.567388530583
4971,102.999563069112
4973,112.490319974781
4975,113.490211190652
4976,94.3709868997234
4978,94.3139308029629
4979,113.075923596169
4982,94.8630625584735
4983,112.291484092852
4984,95.0991989788564
4985,116.401913732985
4986,94.3377461444262
4987,114.803856335383
4988,95.3516641366696
4994,94.8445099099914
4995,95.7173755642666
5002,80.5590185129148
5004,94.3871204050773
5005,103.373589983728
5006,95.005337104748
5007,103.347746835263
5009,112.510073908572
5011,112.489879491175
5014,94.5913378585341
5015,104.872454162184
5018,94.353202784347
5019,112.424293086242
5020,94.3964989001209
5021,112.500102529261
5022,94.4656769488763
5023,94.5902855773751
5025,96.1101603417199
5032,95.1064481308509
5034,94.633822732249
5036,94.2708221823153
5038,94.8448811928839
5039,112.818224326759
5046,95.5968286364029
5049,112.423945336026
5051,95.3279126222825
5052,93.6118972059181
5053,112.413615678338
5054,95.8487564748445
5055,94.5008341996218
5057,94.5752724360475
5059,94.3736264894869
5062,96.5247930476503
5063,112.716155538347
5065,113.215887202549
5069,94.5218358561391
5071,95.8508558569325
5074,113.285235352817
5075,93.7424162216054
5076,112.012799703595
5077,78.9194312928885
5079,104.634895322804
5080,95.1724677517761
5081,112.387775145944
5083,103.634534126936
5088,103.870559862411
5089,94.6452195136827
5093,112.958925146911
5094,104.004587235513
5095,94.8530127162247
5099,111.648499701829
5101,112.363197616689
5103,103.051581140607
5104,94.5898017669172
5105,112.381600153517
5107,94.1294619890745
5108,113.188195946537
5109,94.2125860105127
5111,94.3959929874661
5112,111.483548343753
5113,95.0052849216774
5114,112.062274537342
5115,94.8154725634492
5118,95.1634760821736
5122,95.7766740922588
5123,79.1668450017992
5125,94.4501787656452
5127,103.625479579866
5128,94.7687353844681
5129,114.88002546621
5132,94.9541507034179
5134,112.75073040241
5135,94.4798521830943
5137,112.546622876611
5142,94.0149459298348
5143,103.03386661426
5144,95.3361955345691
5148,94.2812202170273
5149,94.1555945007128
5150,105.236987440821
5154,78.8406783632439
5155,94.483152954082
5159,93.997947736821
5164,94.7520711590176
5165,113.67495956283
5166,94.3154009619939
5167,113.235366628299
5169,93.9551238305906
5171,93.3258573896501
5172,112.633359605857
5176,94.4347852124416
5184,112.216235007567
5185,94.0460950101484
5186,112.588588278511
5188,104.721548760772
5189,112.089575441766
5190,94.7643901889993
5191,113.674658179309
5193,112.633358079456
5196,94.0945884262507
5199,78.662561239676
5200,103.827992466228
5203,93.8977895161892
5204,112.282512494788
5205,94.08365732953
5207,94.3885798901726
5208,108.595961962351
5212,94.9569630267341
5214,94.3463903289931
5218,93.9404089209925
5220,94.4691915848042
5222,93.6512772335723
5224,95.5593216664276
5225,104.029190172901
5227,112.379037125397
5229,104.000576579102
5232,92.7120332854378
5233,116.177426525696
5234,103.970240728343
5237,112.203860826755
5239,113.300481131937
5240,98.3494810757425
5241,112.381767138616
5244,94.6223670332852
5248,112.488749022183
5251,93.027986450113
5253,94.4243191046133
5255,95.0815252686135
5256,102.657414662092
5257,95.5732110053863
5259,95.7425949636531
5260,112.198643418665
5266,94.3991483682038
5268,94.5596386520649
5275,112.363019647347
5276,112.541586923499
5277,93.8707449803758
5279,94.9534677181795
5280,103.914694160396
5281,94.3752381032617
5283,95.2000347789427
5284,78.9435152805576
5285,95.6740079770557
5286,102.987840885339
5287,94.2459704639525
5289,94.5081208542948
5290,112.632233687091
5292,104.03277642406
5293,95.1636366726003
5294,102.310523381052
5297,94.1667962582572
5299,105.375982541694
5302,94.7329284087128
5305,78.8627882493738
5306,94.8776590484874
5308,93.9698475120316
5309,94.6270092583831
5310,112.16113058726
5312,112.25451469653
5316,113.12011987631
5317,95.5313377840802
5319,79.2387083971528
5320,96.067647780352
5323,94.2239675054631
5329,112.559211104001
5331,111.679257040939
5334,111.96537554159
5336,112.65033399467
5338,103.688004231166
5341,94.0474291666987
5345,97.1816663778811
5348,94.4974780989053
5349,112.689660396834
5355,104.498215615513
5356,94.8117479298104
5360,103.444524199302
5362,112.527243415687
5364,112.543745757729
5366,104.738718548059
5367,93.6268172456068
5368,94.9680201053956
5370,93.4605444899255
5371,79.2761398071736
5373,103.662017266884
5375,112.186290309876
5376,93.764932816501
5378,112.297250669933
5379,94.7600483165442
5383,94.3231486814351
5384,103.715027588755
5389,112.732842356492
5391,79.9783086568906
5393,111.736341421911
5395,113.303708186623
5397,112.037202880151
5398,94.1233017641726
5399,112.769538178011
5401,116.558189066373
5402,93.3892216319207
5403,112.881346039971
5404,95.2677801696312
5407,78.9006705955255
5408,94.4966001619956
5413,112.64901422648
5414,94.4452857018876
5417,94.3393559077856
5418,104.071504980412
5420,113.093528118218
5421,93.0512140549276
5424,94.416672615594
5425,113.294601715496
5426,95.5641355581516
5429,113.21048193962
5431,94.8863984920869
5437,102.817776159809
5440,93.8267866002733
5444,104.292049083676
5446,105.302725859083
5447,94.3212941362554
5451,96.8797952565029
5452,109.004773685666
5455,103.999702080398
5456,94.7039679652163
5458,94.7229655691636
5459,112.799194280758
5460,95.2817382360913
5462,95.1037316576891
5463,111.845797755272
5464,93.9370746767988
5465,113.77179203403
5466,95.7602239295987
5467,103.491508175254
5468,94.4339185834911
5469,112.364663127896
5472,94.9931440068298
5474,94.0495396235435
5475,111.625794106918
5476,96.1437894086507
5479,103.533620497727
5480,112.270413048216
5482,112.535395051382
5485,94.0466441511549
5486,116.898891460363
5488,79.7172987117749
5495,103.587850415874
5496,94.7931354014829
5497,114.042241115628
5499,113.853394937906
5503,94.2774136133599
5504,94.592067667323
5507,96.2377929614549
5509,94.8453092219024
5511,94.041211703562
5512,112.770962799769
5516,112.115174987865
5517,95.3181564913599
5518,103.982565941481
5521,94.5465021678228
5522,103.64695456617
5527,95.2071385009044
5528,94.412584888011
5529,111.839721084989
5532,94.7727395166224
5533,112.958182398577
5535,103.784388686961
5536,102.671980169363
5540,94.857234384377
5547,94.5174330501322
5548,112.776198704851
5550,78.4271738188446
5551,94.0040319742001
5554,112.328370691673
5555,94.3068691687229
5559,111.646030166777
5560,98.039248513429
5561,112.109967655991
5562,93.5129496981051
5563,112.898022686682
5565,79.187469305057
5566,94.6697771634982
5567,103.366478524672
5568,94.361385927166
5572,95.1200135503249
5574,94.9371992137269
5576,94.1820967229302
5579,112.749156210131
5580,78.1153988252402
5581,94.147910339333
5583,94.4640137440385
5584,112.948544356556
5586,112.640788681592
5587,93.485103389951
5589,102.443054301557
5591,102.112531482196
5592,93.6977172226091
5593,113.168250455087
5594,95.003246253142
5595,79.2504608710986
5596,112.360405709326
5597,113.35817588807
5598,115.633903088989
5599,94.5617349111014
5602,111.981239805369
5603,95.0031419280773
5605,93.4489316949724
5607,93.7935629775333
5608,112.508759241739
5609,93.6841801737244
5610,94.233206342696
5612,94.0239584943826
5613,111.923520130153
5614,94.1802673256569
5616,94.1418610924394
5621,94.9925214363855
5623,94.47552101954
5628,113.630386616831
5629,93.4942799190844
5631,93.7766077554484
5633,98.4691865191101
5638,103.776487302267
5639,94.8288418518802
5640,105.03273765053
5645,94.8967262116231
5646,78.8443340635025
5649,94.7785658842574
5653,113.110436066229
5655,115.003744669492
5656,94.8879190375688
5658,94.6449065957358
5662,116.558988675209
5663,93.5425182579362
5667,94.1818798875136
5670,94.5571378950956
5671,102.229439498004
5672,94.9566318896955
5673,102.759364464587
5674,93.9919734820424
5675,103.504248855285
5676,94.8685503978369
5679,112.302190080701
5683,116.556707533752
5687,95.0270148230782
5688,79.3757618732639
5690,93.9924373224177
5691,112.543247510041
5692,93.9915323080694
5693,113.233842555479
5694,94.8514881002184
5697,114.428212226506
5698,93.672468185677
5699,112.322221919099
5704,94.6393456409983
5707,112.300972874673
5709,103.249055640352
5710,94.7584286948644
5714,94.4466607184499
5718,94.7376672706857
5721,95.7087496396003
5723,94.5429737230536
5724,113.250830483483
5725,94.3807874565922
5726,112.535354332023
5729,96.988617233555
5730,104.106633771096
5731,94.7094087440917
5733,78.6684609513072
5736,94.2528240457613
5741,102.385519840265
5745,112.737316638276
5747,95.1997877285495
5748,103.434380201204
5750,112.9598278857
5751,95.5825848596277
5752,94.5184763107852
5754,94.4371392729344
5755,95.1827100859413
5757,95.0038722480424
5758,116.23458903138
5760,103.088591281759
5762,102.462619031027
5766,112.917848296894
5768,96.4938032808329
5769,116.005332549475
5770,95.2211338399037
5771,112.353724452699
5772,94.7588699681165
5773,112.938840110947
5774,94.4376864811753
5776,94.2526620320971
5777,112.464414692365
5778,93.6144163243886
5780,113.16573434304
5782,94.0660558020224
5783,78.3413485705662
5784,95.9240758828987
5786,95.6458000931667
5788,95.6520217820224
5789,112.915740092839
5790,95.7093723825131
5791,104.525253876914
5793,105.321664448
5794,94.7219886824217
5796,116.526579149316
5797,94.5109039795356
5801,94.2102462935626
5803,94.9217425766053
5804,112.115542463092
5805,94.1863382039961
5806,78.8904999601353
5808,112.168903762062
5813,94.6367927808713
5815,94.7946432686638
5816,101.076574688203
5822,95.0411383112929
5823,112.192691376541
5825,103.671292809308
5827,112.798454736747
5829,102.069415204786
5830,95.8290261133504
5831,112.711993600282
5832,94.2354846848301
5833,112.142445146973
5837,113.725582060021
5838,94.5583922134769
5839,95.0200333372205
5842,104.963438822005
5844,112.241972436144
5845,109.56809833102
5846,114.005889153148
5848,78.8036003424444
5850,112.697925048311
5851,94.0508580758739
5853,96.0526146397589
5854,104.089295698065
5858,104.900224383869
5860,112.390026991897
5864,103.001257872887
5866,95.276984091195
5867,112.323791668769
5868,93.7495256901009
5869,112.255017652643
5870,94.3497389496636
5871,112.708627013228
5874,113.441963635221
5876,112.462998157359
5877,93.0913524064939
5878,93.918195118282
5879,112.113497011193
5880,93.6595282005932
5884,93.7073230415743
5886,112.029670138891
5890,103.613933846241
5896,94.711005893062
5897,102.741597965939
5898,95.8448481413881
5901,104.785763074108
5903,112.337654051941
5906,93.9716448157934
5908,112.11679305936
5909,93.5330272763715
5910,111.801366567241
5911,94.4653424171838
5912,112.171841044854
5914,113.430315275884
5919,112.304328311365
5924,94.7354213636459
5926,94.5395683106987
5929,103.387578258329
5930,94.3085501782074
5932,95.2908838073234
5933,112.944289529844
5934,93.7279236386225
5935,111.844849113473
5936,97.3299401680487
5937,112.583856901571
5938,94.1408090887398
5939,111.424150079179
5942,111.910821224501
5943,94.4398061300401
5944,104.620859673999
5946,111.73184707725
5951,93.6428031889587
5953,102.836682407248
5954,94.4300573416729
5957,103.834948138282
5961,94.2655612947367
5962,105.135797373478
5964,80.0995325101427
5965,94.5113718725534
5968,113.328406569961
5969,93.4378481321246
5974,94.0563244650375
5975,112.485747362899
5978,79.259697777576
5981,103.735739579223
5982,94.8657319006698
5983,113.009128917161
5989,111.440951374263
5991,94.0935958158685
5992,102.596416536459
5995,94.7219006195131
5996,102.925232411883
5997,111.742909020715
5998,93.7479663487901
5999,77.89372920047
6001,111.665217678124
6002,94.2407168689405
6003,110.628041541064
6004,94.3505364127649
6006,112.025869225362
6007,94.5843585392562
6011,103.686059746099
6012,103.302506533454
6014,94.3211100429724
6015,103.018621176779
6016,94.5029757806742
6017,112.04505540573
6018,95.7434463112123
6024,94.4840364073937
6025,103.882883573709
6026,112.591250187788
6028,112.412569762473
6029,78.5617737535032
6030,94.6421524889559
6036,113.109654163775
6040,93.8293839156836
6041,112.08858529691
6042,94.0671635586184
6044,94.4583430034203
6045,103.323121079426
6047,103.575026312419
6048,93.6336247958283
6049,112.020035957629
6051,115.805374269388
6052,112.854628360359
6053,92.4079816076808
6054,112.213408309977
6058,104.124349268558
6059,93.9247749296713
6062,95.6285858624072
6063,116.33493385908
6064,103.138469710725
6065,93.8504742304451
6067,94.7186586933995
6068,112.573165062469
6070,102.819834255553
6071,101.810723228049
6072,111.871022490059
6080,111.870929756668
6081,94.2889034539705
6084,105.13450303414
6087,94.5528037075101
6089,103.913682909931
6092,111.870790656582
6094,93.6359260667314
6095,112.084696028684
6097,112.683617440946
6100,94.1165664281537
6104,103.225661494002
6105,93.9083739561498
6106,111.761940371827
6107,78.3387548692592
6108,93.456539418653
6109,111.884303620099
6110,93.7553679051499
6114,111.863920954698
6116,93.258872083436
6117,103.141480160154
6118,94.7480874985653
6123,78.5952263579118
6125,112.081520316228
6128,110.680210671735
6130,103.007432194744
6132,111.335750748853
6137,79.2093548267976
6139,112.941810092294
6140,94.4686247149199
6141,112.569592189197
6142,104.36210891208
6144,110.760911237908
6145,94.7843211069963
6146,93.952771681658
6149,93.0303512446557
6156,94.246845551441
6159,112.393915343309
6160,94.4683928814426
6162,103.319066270871
6164,111.547486803537
6165,93.4833085535727
6168,79.2554926858373
6169,111.729667994282
6170,93.6632471308557
6171,112.129448296199
6172,92.9695933815472
6173,113.840581624389
6176,95.9816305056562
6177,92.66573438823
6178,94.5869769790759
6180,93.8478512795948
6181,103.215923575147
6182,93.144100487895
6185,93.4098630672622
6186,111.803215863339
6188,112.093626534569
6189,94.7136333190602
6192,105.252996190268
6193,94.1233972381654
6194,103.453016234474
6195,93.566379161426
6196,115.414165451693
6197,93.6890070539171
6201,111.892018563834
6202,93.7508573163973
6203,112.288823134251
6204,93.6849216730036
6207,117.681895053135
6209,94.5992904156727
6210,93.7399534340066
6211,112.405257650951
6213,112.001083772679
6216,92.7703367579619
6217,93.8031825838546
6219,93.8495970106193
6222,78.4202812293932
6223,94.4403411836735
6235,95.6217623317615
6240,94.2950673079118
6242,93.9953063801601
6247,93.8008679519418
6251,111.767387730751
6254,111.756202523895
6255,94.5810792482734
6260,102.911883330624
6261,94.3272979045736
6262,103.828675736317
6264,111.748751643613
6269,103.453529468239
6271,104.17646892904
6275,112.423526548383
6276,93.9246522084049
6278,94.8216279045803
6279,112.309055654147
6281,112.232914947256
6284,92.8489560443466
6286,93.1625529862885
6287,79.2431684040928
6288,94.3063441555397
6292,94.1763834320923
6293,93.7029485428261
6295,93.5043808439882
6298,111.768229797577
6300,111.283437766023
6304,103.047477637316
6308,111.200876026834
6310,95.0270421501349
6312,111.69506594813
6320,94.3971104636806
6324,92.9945216071171
6325,111.994618060151
6330,94.9980845031767
6336,111.595129451263
6340,103.951962238972
6341,96.0149869243393
6342,103.509395609358
6344,93.7636137246089
6345,112.136321575002
6347,112.65913594668
6348,94.2784055328404
6349,111.68660173663
6351,78.357764734774
6353,112.235131728726
6354,93.6738773316589
6357,94.2904328391547
6358,103.199033982466
6360,102.483458380021
6363,113.369813646532
6364,92.5342206795124
6368,112.208277869735
6370,93.9638976977294
6371,94.1910031499972
6377,95.4536110474267
6379,93.8826911373565
6381,94.2342979970168
6382,78.4434306309213
6383,112.586892992841
6388,111.77913257406
6390,111.643328788928
6392,101.954098590419
6393,94.3924181436373
6395,94.3081069685763
6398,102.52905536428
6401,78.3891729117507
6402,93.6720136887721
6403,111.394879786969
6405,93.8097901482156
6406,93.0721373771041
6407,112.016547474031
6409,103.246451159195
6411,93.1080475877711
6413,94.1393079102371
6416,104.175230451678
6417,93.4830774159305
6418,93.6294976026222
6419,116.7302649459
6420,112.084651148864
6426,112.478891385335
6429,93.5085499806024
6430,93.9863580290565
6431,111.382437198454
6432,94.3644098810301
6434,94.517641684404
6437,112.662455253046
6438,94.3803621192277
6439,103.133737232671
6440,93.9223351473224
6441,93.8734923232872
6442,110.718611428706
6443,94.3026903417921
6445,94.054536643576
6448,111.743623266478
6450,111.074692782193
6453,94.413700991504
6455,93.6738310519011
6457,93.281549931455
6458,111.351033193099
6461,93.7893947200323
6464,111.836919736205
6467,93.5267701451394
6469,94.472760626412
6470,78.6592683730137
6471,93.9144859393244
6473,102.85778464408
6474,93.8602093673158
6479,93.6855969321514
6481,93.4854089757058
6484,111.616464192519
6495,95.6615606714555
6496,111.218949713266
6505,110.795739494464
6506,94.6004639689591
6508,95.4787306409146
6509,93.5867601863342
6510,102.906412489979
6512,103.289409026052
6513,93.7421413134129
6514,111.359692547095
6515,92.9653089509829
6519,93.9671571206983
6521,93.22215617747
6523,77.9753448822559
6525,105.68363966731
6526,93.9528574428922
6528,94.2506916700173
6529,111.631644307664
6531,103.454550541178
6533,104.021204277463
6534,94.1392883961236
6535,111.262851215362
6536,92.8328427912653
6537,112.070137430709
6540,93.0299718846756
6541,112.052763738188
6547,94.4492886310117
6548,111.354386742192
6551,111.506608868321
6553,110.628055518134
6555,104.897673503801
6556,94.9984964044689
6561,77.9683576034592
6564,93.0205961136333
6565,111.356894334287
6568,93.7702033189764
6569,110.446753543938
6573,103.077844118667
6574,93.7239221099796
6577,111.672139332101
6579,113.189183827725
6581,92.962498287142
6582,110.795685228096
6585,100.732592228823
6586,94.2692409529126
6589,102.474138393406
6590,78.068604606997
6593,93.6957360549724
6594,110.851016724005
6595,92.496410573527
6599,92.9014023689152
6600,93.2765344866375
6601,110.525544649107
6602,91.9742430311235
6603,111.342608315655
6604,92.9651416309406
6607,103.453285877747
6608,104.214485616398
6609,93.3468503610944
6611,93.028343657503
6613,110.444521810255
6614,93.9212000658745
6616,93.5855313938447
6617,110.44447544356
6618,93.7731787246038
6619,102.230437113553
6621,104.872662237506
6627,103.13793043874
6629,110.358791885251
6631,78.2726816448226
6634,93.7782096775649
6636,93.7427093526318
6638,93.7747045035311
6639,110.439609729307
6641,111.257105169288
6642,93.7618399549689
6651,112.907924423131
6654,79.1786638308522
6657,94.1221576107266
6663,93.5253784426054
6665,111.220342566124
6666,93.6776720246282
6668,93.7617170811775
6669,104.756759321609
6670,93.694748722829
6671,95.3499219228458
6673,94.6546761381101
6675,93.4195452349477
6676,78.1157556093066
6677,93.6835166927936
6679,93.8106144736874
6680,111.514849130544
6681,102.625525826957
6685,102.670220772925
6688,94.338898066024
6689,92.5793155037099
6690,110.01966094117
6692,110.432418832506
6693,93.9971408037774
6694,93.5052783895377
6698,115.384218983162
6699,93.1703670076972
6700,110.446322525413
6701,93.1236267177684
6702,110.905071008179
6704,92.5791416286019
6707,110.535310215626
6712,111.297862360639
6713,93.5329998564974
6715,93.4409486383809
6721,111.055044799225
6722,93.2449829065225
6723,111.44598585251
6724,93.4652701767108
6725,115.82597631655
6731,111.360047171853
6735,86.9039837891942
6736,93.4353065923567
6737,103.993352971436
6738,93.2034250503659
6739,102.006698028963
6741,102.542330195922
6743,93.7443293117962
6745,93.6629206684897
6747,110.518656534066
6749,92.9977372923993
6750,103.163071104313
6751,114.563275744513
6752,93.1250208699855
6753,110.375371204919
6755,113.662683241982
6756,93.468744083276
6757,102.695765279027
6759,110.955542296087
6761,92.9260847682115
6763,93.6931179584081
6764,117.090636195634
6765,93.4651423231762
6766,111.251164441637
6768,111.128539980621
6771,92.3943446286563
6773,93.9838789057361
6774,93.4960399137533
6778,109.190605364697
6779,94.0036457758092
6781,92.2163735408684
6784,92.8728426277567
6786,93.2353021207187
6787,110.94134735109
6790,92.5172879156396
6793,103.048396435984
6795,109.3331007039
6798,110.995107606306
6806,102.345946714743
6807,93.917221102705
6810,92.9594671206766
6815,110.686499655512
6816,93.0791357824329
6817,101.067942104797
6818,93.4025047355748
6819,102.485295298008
6820,93.6361670500311
6822,92.9044084395247
6823,114.385976787041
6824,110.421642616588
6825,93.4392351358724
6828,77.6022748719206
6829,111.599160887062
6831,110.248047359542
6832,92.3523717181977
6833,110.464307611194
6834,93.4923956548256
6836,93.177483745603
6837,110.820334096393
6838,92.5235289629321
6840,101.990587333687
6843,92.6706641832895
6845,91.7070185240403
6846,92.6804938958016
6847,110.248080874635
6851,111.035656140089
6852,93.0602526225265
6853,109.905296586386
6858,93.5377757945167
6861,111.134014524765
6863,109.792778931824
6864,77.765329330813
6865,93.1482845622497
6866,110.719193291041
6867,93.8768422566537
6868,101.753175760557
6869,93.7060020862005
6870,110.42110939959
6874,110.558776155282
6875,93.3215875135543
6877,110.602140176321
6878,92.7468103879948
6880,93.6406946581497
6883,109.939734716787
6884,93.2080006175691
6886,93.0267674207934
6890,93.7590457864077
6893,110.602843434363
6894,93.1430805003219
6899,110.600049018546
6900,93.1079439620335
6904,92.7824032486682
6905,110.466437951106
6906,92.4508338783143
6910,93.2054169298343
6912,102.662234290204
6913,111.046770706135
6920,92.7095643403816
6922,93.2683530097857
6923,109.328061671794
6926,93.4676143261191
6927,110.135841566173
6928,92.8146256861118
6931,111.128885635449
6933,93.0689061432318
6936,92.1026007199491
6937,110.6792111432
6939,112.109531480391
6941,93.2690006184811
6942,111.396885246095
6943,93.0682582044812
6944,101.217140168217
6945,93.4924760408371
6946,112.930559048889
6947,114.563024018278
6949,102.895175014248
6951,102.642855838457
6953,111.827350558513
6954,96.4526191774186
6955,111.261304787504
6963,109.805782977821
6964,93.5573150297657
6966,93.3683163842169
6968,92.6340739723097
6970,102.039401874351
6972,111.165979857211
6976,110.73881732634
6978,110.714095585092
6981,102.200150450426
6985,103.044542193188
6986,92.5980884332035
6987,110.323468354162
6989,111.279626278981
6991,114.38180414576
6993,113.36489718628
6994,93.0952153462105
6995,110.504657246501
6996,93.427064610253
6997,111.101319648918
6998,77.7530462896643
7001,109.867588181064
7003,111.420603780512
7006,93.4757826941633
7008,101.262080544806
7010,91.6949645095875
7011,93.4870192014112
7012,112.534348119647
7013,92.636395357638
7014,110.669798134485
7017,102.764960538824
7018,93.5481744756825
7019,91.8764211100497
7023,93.3726513865575
7024,101.674707834492
7025,92.5771946102251
7026,111.297465216839
7027,92.7212279943276
7028,113.029944897929
7030,109.363551811095
7031,92.9880184284866
7033,111.232651831694
7036,93.1335713616266
7037,93.2143589344018
7039,92.8942537145407
7044,92.3592321877988
7045,110.81292323168
7046,93.8180765810835
7049,102.629462269474
7050,93.9661390235841
7051,102.038462948768
7054,110.357512655467
7055,93.930255576489
7057,92.8480228260044
7060,110.598182759054
7061,94.4851699753036
7063,92.1633338343571
7064,110.322094957469
7067,93.626403907227
7071,92.9836213511011
7074,102.200135387464
7075,93.2662998481637
7078,110.812540706443
7079,91.8545787746272
7080,113.678015648545
7081,93.6119631733248
7082,110.856900686132
7083,92.4127327077898
7085,110.790616268174
7092,102.325191582403
7094,93.4446687415738
7100,92.5619857077192
7101,110.536213889096
7102,110.71145785946
7104,110.762862481586
7105,94.4846599416536
7106,93.1929112818469
7107,101.906258571531
7108,77.7715772751029
7109,92.5222154129747
7110,110.67600796868
7112,93.5311553113351
7113,102.124197719428
7114,93.7996476227599
7116,110.674255592658
7117,94.7337884196922
7118,103.004457205786
7120,93.3873944555219
7121,102.04580164687
7123,102.121728014781
7124,94.3369704261959
7127,106.317139106172
7131,102.141692959612
7132,93.3703892642615
7133,91.9288953824653
7134,110.689276598397
7135,92.1609933068055
7136,110.851577326714
7137,92.7134128768664
7141,93.2216285978995
7144,102.310301502537
7147,110.330814202965
7148,92.4229958595863
7150,91.8755332774726
7151,93.3830179539995
7152,102.07503454677
7154,93.0966432674714
7156,93.2978080956666
7157,102.687027982871
7159,114.766158316092
7161,93.3873990614738
7163,93.2953195717605
7164,101.470998690254
7167,78.1563978138145
7169,103.266488315196
7170,93.5211559390685
7173,93.30811341319
7174,108.938950637954
7177,110.491195932031
7178,103.306860854014
7179,92.8299984074412
7180,77.5626090253415
7181,110.425621763542
7182,93.3139677488826
7184,93.7011438381236
7185,111.547232556972
7186,92.0243306230859
7187,113.097746462268
7188,93.1792262937485
7189,110.787219560086
7191,102.166949327637
7193,109.880247528412
7197,94.1710286499331
7199,92.1315352058226
7200,110.855532868616
7201,92.130665965051
7204,93.1980057396021
7207,109.904368106284
7209,109.782036543559
7210,92.8144705911142
7211,102.631329274012
7213,91.776894777929
7214,111.088318924472
7216,110.654394272211
7217,93.2136374458663
7220,109.96210923951
7224,109.374278083332
7225,93.1236870205165
7226,110.654278355473
7227,92.4723957961792
7234,111.546664564953
7236,87.1414942038755
7239,102.465747053801
7240,93.070433660104
7242,113.86854070141
7244,110.477660686336
7245,92.8011085661515
7247,111.005034980432
7248,92.0338772358728
7249,115.127152724135
7250,111.524997751467
7251,92.7422320422236
7252,111.638462381423
7253,77.726992355514
7256,93.3767425702106
7260,93.383769145514
7261,111.017997565602
7264,93.3303423675769
7269,110.510328685321
7270,92.7268235020892
7273,110.989253161231
7279,91.4889013402447
7281,112.435133575974
7284,92.5362815009131
7285,111.593816660362
7286,115.02460184327
7287,92.407967829008
7289,93.3633383478912
7292,92.6882230727997
7293,111.460169549622
7296,92.8416666941603
7297,111.342973098295
7298,91.7449567541815
7299,111.3357252836
7301,101.977745276514
7304,110.641463392701
7306,114.58309155521
7308,93.404553347787
7309,101.395939645515
7312,92.0602308318718
7313,77.7117056380412
7314,93.4508316362954
7316,95.0644942369207
7319,114.398654497184
7321,94.6684249929135
7323,93.4121730088319
7324,102.105245561479
7325,92.6718749484774
7328,101.915681489927
7330,77.8241965428067
7334,92.5682448258865
7337,111.893716879055
7338,93.6594989269485
7339,92.5301722891582
7341,91.8650197630563
7342,111.4355392104
7344,111.390737447782
7345,109.942974079339
7347,110.151478169135
7349,112.21862421178
7350,93.4719706983401
7353,111.190304738793
7355,111.047056358178
7356,92.5637042762254
7357,112.247032431775
7358,93.8584435471691
7360,92.1157225910579
7363,102.13617803662
7364,93.3536827730492
7366,92.8181296382715
7368,93.010173596826
7369,110.768697653082
7370,92.5879159398268
7373,92.9663730423628
7374,110.447507640766
7375,93.2559971074901
7377,95.7150867166053
7379,92.6528363488636
7380,117.161145158941
7382,110.53582566859
7383,92.8112373384428
7385,92.4845811098814
7386,102.911475657407
7391,93.2957822568629
7394,106.036961046998
7396,111.412165433814
7397,92.2397178429945
7399,95.1611088869306
7400,102.938931800036
7403,77.652985183771
7405,110.799278715954
7408,110.746561268456
7414,110.355860099864
7416,102.916882438135
7417,91.2471136783891
7419,92.3729135303204
7420,104.087452001433
7421,93.1361628837738
7422,92.9859000902181
7423,102.510448116502
7425,77.5008169445271
7430,92.6814728528637
7432,92.9648680319167
7433,93.5237735905041
7434,110.050572565696
7436,109.282741452549
7437,92.2531496323358
7438,102.176657077854
7440,102.567266674351
7441,92.3017348065761
7442,110.771829357226
7445,111.415751236565
7446,101.9600417201
7448,110.977772813579
7450,104.417644091567
7451,92.7358919245244
7454,111.398437843491
7455,92.0560154247573
7457,110.635168344645
7459,101.891862260436
7462,92.9498310857632
7464,92.723623211117
7465,111.11830850519
7466,92.4666111825949
7467,110.456077649079
7469,111.390398747668
7472,92.6685814657185
7473,109.472351534372
7479,92.4091029110995
7480,103.107566384905
7484,110.499359400036
7491,92.4622779558212
7494,103.121887853313
7495,92.7071052053549
7501,92.658138310211
7503,92.2274838629377
7504,102.411904246203
7505,91.9987631822272
7508,111.154733393274
7509,91.8438213520218
7510,77.6549011534039
7511,110.181082053306
7515,93.189798843133
7516,102.929071179255
7517,93.0522309581399
7518,102.710148513713
7519,92.46891902616
7521,93.389092784579
7522,102.325911047228
7524,103.361965696906
7526,102.161174384788
7527,92.7781756604066
7528,101.585078343815
7529,93.1084164726274
7534,110.882506380717
7537,110.81407265381
7538,93.2813870625197
7540,92.6499403447205
7541,111.376162631653
7545,112.552272243039
7551,110.989306045033
7553,93.0458606672351
7554,101.596648928918
7555,93.1806525041168
7561,111.309511348441
7562,94.3263071556755
7564,92.6309546815468
7565,102.571066101312
7566,92.9118745825221
7567,112.443546925421
7569,101.496592209966
7570,93.0195286584603
7571,112.462726278128
7572,92.6080484604082
7574,103.029048652319
7578,110.939262065461
7579,92.8660057566303
7586,91.9058290443652
7587,79.9311600282841
7590,92.680064088092
7593,109.498973127096
7594,92.523892239738
7595,92.91153842398
7600,92.1806706377715
7601,78.4491662326856
7602,92.3288497139972
7603,111.146420597227
7604,92.2295216217658
7606,92.6649024178454
7608,110.768321121218
7613,77.6272166819536
7615,110.480728022835
7616,109.56482208902
7617,113.318997260393
7618,92.6362449845565
7619,102.263809928632
7622,93.1640888688048
7623,101.7655468801
7624,93.2396612222764
7625,102.094194506051
7626,93.0852595311954
7627,102.088395052657
7628,77.1087807438715
7631,101.969625351135
7632,102.373679891018
7633,93.0202391977205
7634,114.974729648722
7635,92.7020362190195
7636,111.37383505467
7637,111.293493567977
7639,92.200669347877
7640,77.5750335118678
7644,111.212090673884
7645,92.3196842798336
7648,101.979131980901
7649,92.9697278427472
7650,110.711557233169
7652,111.095521151892
7653,92.5559732488661
7655,92.5911197954712
7659,110.776360813808
7662,93.4013576882168
7664,92.8994276974887
7666,93.9863612188146
7668,92.7745529987656
7669,110.650512304867
7670,92.5665845553061
7672,93.2169303001897
7673,110.694270373945
7678,92.1354173737264
7679,78.6736085444186
7680,103.418886158368
7683,91.8904928257593
7685,114.776109263972
7688,92.9503175728368
7690,109.30358578546
7692,92.3068451803428
7693,92.7442730782225
7695,111.575777692136
7696,92.4067393650979
7698,92.3845412986256
7699,110.571009949856
7702,91.6924067111764
7703,110.744330181727
7704,92.7056190365794
7707,109.939147914818
7713,77.6114936325639
7715,102.142627892831
7717,110.510543677031
7718,92.4799680699431
7719,103.007483221235
7721,111.292568224681
7722,93.221902006504
7725,100.259761943833
7727,102.574986148398
7730,78.0524495014708
7733,91.8030675456157
7735,101.637120642285
7740,110.605135318928
7741,110.221166270561
7742,92.0645727847131
7744,110.88832849978
7747,92.5260148589681
7750,77.6614951446814
7752,110.748885338342
7754,110.469327499833
7756,104.194255449267
7757,92.4161152964191
7758,102.610546690462
7760,102.894402033592
7761,92.6352042135823
7763,109.905078008858
7765,92.0752982152266
7767,110.926696326481
7768,92.6046968137609
7771,92.3718322354456
7773,91.4526155389739
7774,114.131404397869
7776,102.834264602263
7779,91.8295647460895
7783,91.7793620768668
7786,113.802037609474
7787,92.5998047336331
7789,92.0383658097255
7791,92.8415997960681
7793,91.7506859236854
7794,109.609793389324
7795,91.8346630182512
7799,77.2608000221155
7800,108.819684930919
7802,92.8229555358798
7805,103.306238471705
7807,101.208006586176
7808,93.0657443084964
7811,102.569509163252
7817,109.000630906911
7818,101.849800410317
7819,92.57797081784
7822,91.7683135296701
7823,110.440057891571
7825,110.730661112451
7828,91.8054746465989
7832,92.4042804970461
7833,77.7303956757819
7834,110.228317733269
7835,92.5687933693482
7837,92.6226736593888
7840,91.5442788152509
7842,92.6406353127044
7843,110.579797498268
7844,92.0285936272273
7846,92.5755692224106
7850,91.9687840851803
7853,110.624490183287
7855,110.889664520742
7858,92.6674800018498
7863,110.276742685593
7865,110.726666350127
7866,92.0068247317165
7868,91.4332379065076
7869,110.831782752509
7871,77.746512777937
7872,101.180233538875
7874,101.700638999561
7877,110.706288491824
7878,91.9293065444008
7879,109.853742984135
7881,91.773215075275
7883,92.1213068267929
7885,101.494877627198
7886,92.7581496514602
7889,93.7651432406464
7890,103.146197211779
7891,92.4958175782651
7893,91.6180276300603
7894,101.662384830387
7896,110.287021416262
7898,101.3106916854
7901,92.4587471034217
7902,109.514004852803
7904,110.891075024492
7905,92.0524345519219
7906,115.831198845933
7909,92.6671383905259
7910,101.586332008178
7913,92.011970558616
7918,110.427043138152
7919,91.4406544195871
7923,91.0692649871098
7925,92.4896442231766
7927,91.2617169125653
7930,92.900424280219
7932,92.1923558154288
7933,91.6059131687536
7935,91.5420944799582
7939,102.229865565125
7942,91.5269526848099
7943,110.60850615524
7945,102.251873448451
7946,92.4065554650366
7948,92.797335754311
7949,108.848941950184
7950,91.6987233561851
7951,110.856150677728
7955,101.459001345839
7959,92.1575729371901
7960,110.501577053347
7961,92.7078099364881
7962,102.078557054354
7964,102.109288633504
7965,92.9747072864935
7966,110.711025899855
7967,104.069338600698
7968,92.6380623851393
7971,102.702792319948
7974,91.4448462842628
7976,108.408480133405
7978,110.422863992244
7982,110.501322036522
7983,92.5705596797394
7984,102.070416181062
7986,92.2994049806661
7989,108.84847828323
7991,109.512973193829
7992,110.362214816374
7993,91.5640985158536
7994,110.571723555123
7995,92.3269490579497
7997,91.8224739257514
7998,102.070253897627
7999,108.884410911395
8002,91.7071068471653
8007,92.2814724245397
8009,92.7994209859482
8011,92.5068689718335
8013,93.1315191598596
8015,101.769061757082
8017,110.990149022969
8019,114.413729731916
8023,92.09004773536
8024,110.868037945009
8026,110.374640442178
8027,91.826905564597
8029,92.3754014237956
8030,110.369405363226
8031,92.3851082116107
8033,93.0367345374384
8035,91.8132806180289
8036,101.924308240589
8039,102.687938150691
8042,91.2128829876739
8044,91.8662955433628
8046,77.8453372245683
8048,110.65217198682
8049,92.0171756698959
8050,101.646922457343
8053,91.999813235651
8054,92.0914330875455
8059,92.1101425315446
8061,93.0341827073624
8062,109.507323988297
8064,109.971923238188
8066,102.430104503715
8067,92.2664154343921
8068,91.3984837149743
8070,92.4996476673252
8071,110.950088925466
8072,91.9809073878507
8076,92.386999733984
8080,91.5082108717655
8081,111.187802912968
8084,101.777530940886
8087,110.587978519914
8089,91.6483217256805
8090,116.770641714378
8091,102.141901311953
8094,115.94541257466
8100,91.2307137386913
8101,92.7638510861934
8110,92.2481943428847
8111,109.518568175225
8112,92.3211790962827
8115,110.792025294804
8116,92.689689497228
8118,109.971297287799
8121,115.411745938957
8125,110.644099219192
8127,110.810022052584
8128,92.4955675092823
8129,109.510625862172
8131,92.4700082944271
8138,92.3770415780476
8139,101.520481795776
8140,92.0152170947312
8141,91.3076993716768
8142,110.582877803734
8143,109.99531818224
8145,110.385923284778
8146,90.8201580983649
8148,109.46006594292
8153,110.885008485941
8154,91.064234331466
8155,113.284142917075
8161,91.5829815715681
8162,110.367429468464
8163,91.4813851771657
8166,110.249347851245
8168,110.605696631536
8170,91.7352412034514
8172,109.258596455027
8173,91.2985345030286
8176,101.727085418499
8179,91.4573195657475
8181,92.2656446211704
8182,113.810870083436
8184,110.226076643766
8190,102.698001298221
8191,92.8200018566067
8194,110.614630720041
8196,111.350522064989
8198,110.524404594523
8199,110.515140413836
8201,110.991841593419
8202,92.1151109198422
8207,92.7587177716125
8208,109.15211789378
8211,110.46050393711
8214,109.782520547921
8217,91.7127316901423
8218,109.381016929456
8222,92.0767129924656
8229,102.462677234159
8231,92.1892360717361
8233,93.1458870244453
8236,91.9023004161133
8238,111.941494367065
8240,100.58940245235
8243,102.091823989764
8246,110.200841187209
8250,91.8067129759396
8254,92.8315051861141
8256,77.2398181818668
8257,109.601284018356
8258,91.7493478057037
8260,92.4678627798409
8261,109.781925324996
8263,113.596025783123
8264,91.8510405918511
8267,110.045778250682
8268,91.1861349730231
8271,91.8380630752771
8272,109.151376026652
8275,92.8811022766647
8276,94.309543471413
8277,109.732064425029
8278,114.01537989317
8279,92.3818648743703
8280,109.513614318212
8281,93.0533133479454
8282,109.361899174426
8287,110.579713858575
8288,91.0946130612829
8289,111.413872255651
8294,91.6840909749208
8296,91.5425723763895
8299,109.502151742944
8302,101.959356877429
8308,110.71668516639
8314,102.037557284104
8315,92.8165594343944
8316,109.725107462526
8317,92.6643437799484
8319,110.487617276128
8320,91.4597524079564
8321,114.454972546404
8323,92.0162365443855
8325,91.9015459914049
8326,110.564937747359
8328,109.128927169609
8330,109.003580612624
8331,91.9676510842941
8332,117.513038749061
8334,92.2129114974323
8338,91.6993142394209
8339,92.8901579329656
8341,91.2879624560894
8345,110.364988368351
8346,92.5643403120401
8347,101.945470701673
8349,93.5070377193454
8351,91.6402719274064
8352,111.131298243184
8353,109.142438952469
8355,110.984522374441
8358,109.250839749093
8359,109.436995878235
8360,92.3594712255539
8361,109.983870138176
8363,102.124225744058
8364,92.1098008533828
8365,92.5551374465943
8366,101.55711740044
8370,109.657001888171
8372,91.3969028879853
8376,92.9804147085405
8377,109.910287855692
8379,109.555845801605
8380,92.4091278584872
8381,110.998764785793
8386,90.6101856513341
8388,101.130717646249
8389,92.9407446146234
8391,110.444953798205
8394,92.821510887843
8396,102.607699781186
8398,101.521939880471
8400,111.337873237096
8401,91.594997885297
8404,91.2872321806359
8407,95.1593874930595
8408,111.138759257624
8409,109.224723714496
8410,102.747595683608
8411,94.5602842461721
8413,94.8865899215199
8414,109.984851344467
8416,94.4053972404741
