"ID","y"
1,79.1887359619141
2,91.1191558837891
3,79.6140975952148
4,78.391471862793
5,110.744010925293
8,91.4252243041992
10,113.159912109375
11,92.6921310424805
12,111.280670166016
14,94.6224136352539
15,112.728179931641
16,105.157127380371
17,97.139030456543
19,95.1749114990234
20,105.847351074219
21,96.4539642333984
22,114.269653320312
23,97.9243698120117
26,93.5296249389648
28,95.6769027709961
29,97.9243698120117
33,97.9243698120117
35,94.213996887207
41,95.9096374511719
42,93.1389541625977
43,116.807258605957
45,104.229919433594
46,102.996711730957
51,95.4440078735352
53,84.6534957885742
55,113.061515808105
56,93.6851654052734
57,104.362586975098
58,94.3585205078125
59,103.799011230469
63,111.188125610352
64,95.1652755737305
65,105.190811157227
69,93.2770614624023
71,94.8110961914062
72,103.35856628418
73,93.0920944213867
76,103.38166809082
77,103.533882141113
78,113.781066894531
82,94.6373443603516
83,105.190811157227
84,94.3854141235352
85,103.200660705566
87,111.628471374512
88,95.9096374511719
89,114.411155700684
91,94.583869934082
93,94.5697250366211
94,104.885154724121
95,93.3808059692383
96,112.558807373047
97,96.28369140625
98,111.823150634766
99,93.0145263671875
101,104.083236694336
103,114.411155700684
104,93.661994934082
105,112.520927429199
110,95.927116394043
111,111.973472595215
113,113.819076538086
114,94.744026184082
115,111.623710632324
117,114.411155700684
120,93.0858612060547
121,112.551918029785
122,92.9667053222656
123,112.342971801758
126,113.091011047363
132,112.174697875977
135,104.225769042969
137,104.185188293457
138,94.8603057861328
140,93.4802780151367
142,111.429870605469
144,112.076759338379
148,91.6733474731445
149,112.970878601074
155,92.9964294433594
156,110.787551879883
157,96.28369140625
162,113.132392883301
163,93.3713531494141
167,94.7710189819336
172,116.807258605957
179,111.479751586914
180,93.7699432373047
181,110.89525604248
182,96.0452194213867
183,114.411155700684
185,114.411155700684
187,112.004814147949
188,94.040885925293
189,94.5333709716797
191,93.4713287353516
192,112.150894165039
193,94.1555480957031
194,111.022796630859
195,92.9320297241211
196,111.322387695312
198,95.5002593994141
199,110.833129882812
201,104.256309509277
204,94.3221969604492
205,106.749443054199
206,93.3811416625977
210,94.6703262329102
211,104.03018951416
216,113.045516967773
219,114.343246459961
220,93.1668472290039
221,111.606483459473
226,110.89525604248
227,94.0167236328125
228,111.78148651123
230,112.25870513916
231,96.28369140625
235,114.741317749023
236,93.1239624023438
238,112.263389587402
242,104.679740905762
243,94.8992767333984
244,78.9715957641602
245,110.93815612793
247,113.074340820312
248,93.2055206298828
249,93.1664276123047
250,112.668266296387
251,93.1239624023438
253,114.741317749023
254,94.0771102905273
256,93.5144119262695
257,92.6321868896484
258,112.018577575684
259,93.5445251464844
262,85.7712860107422
266,95.7787780761719
267,111.029441833496
272,102.774353027344
273,114.411155700684
275,93.7901992797852
276,111.664489746094
279,93.8183898925781
280,105.190811157227
283,93.6729431152344
285,111.437438964844
288,114.411155700684
289,91.7018280029297
290,104.276763916016
291,94.2531814575195
292,111.290313720703
293,111.405891418457
296,93.2390823364258
297,112.087097167969
298,113.757850646973
299,93.5774993896484
304,92.4701690673828
305,95.6132659912109
306,94.1424713134766
307,110.234039306641
311,106.860397338867
313,110.465026855469
314,92.0762557983398
316,93.6543350219727
324,94.6999053955078
327,93.9903411865234
329,93.2297134399414
330,111.942474365234
337,103.967720031738
338,94.1017150878906
339,103.218650817871
340,95.0372924804688
343,92.9446334838867
345,113.49153137207
346,93.7652053833008
347,111.048049926758
349,110.230598449707
350,92.9213104248047
352,111.958114624023
353,91.6800537109375
354,78.55029296875
357,92.6553115844727
358,111.031127929688
362,111.837028503418
364,113.370140075684
365,103.040367126465
366,95.390998840332
367,111.520156860352
368,93.742561340332
370,78.6403579711914
373,93.7968292236328
377,93.5821762084961
378,111.059188842773
382,103.326217651367
384,111.276725769043
390,93.7910995483398
392,111.122146606445
393,112.683792114258
395,94.2064819335938
396,104.625312805176
399,77.1318511962891
406,110.465026855469
408,110.465026855469
409,93.3747100830078
410,77.0460510253906
412,111.488677978516
413,92.2161026000977
419,92.4304733276367
420,111.502731323242
421,92.0457229614258
430,96.5757369995117
434,92.2235488891602
436,94.4404602050781
437,93.3264465332031
438,91.7167663574219
439,111.175079345703
440,93.7837448120117
443,112.133544921875
446,94.2576599121094
448,92.9892349243164
452,93.223876953125
453,103.385406494141
457,104.626396179199
458,94.1186752319336
459,112.067329406738
460,102.177574157715
462,104.648590087891
464,103.262481689453
465,114.23657989502
467,116.206985473633
471,111.996086120605
472,78.2623748779297
473,99.9094161987305
475,93.9435119628906
480,95.2131500244141
488,109.96361541748
490,110.234039306641
491,103.200729370117
492,77.7373123168945
493,93.2318267822266
497,93.3951721191406
498,112.73583984375
499,94.5663070678711
500,103.246917724609
501,93.6902236938477
502,111.979499816895
506,81.3886032104492
510,111.306427001953
511,92.9107437133789
512,93.8653869628906
516,92.5097808837891
518,91.7270660400391
519,111.461318969727
521,92.1508407592773
522,112.893669128418
526,111.329460144043
529,93.8646011352539
532,111.648498535156
533,92.9659957885742
536,112.844123840332
537,96.4754409790039
539,93.4065322875977
540,103.888824462891
541,94.7783355712891
543,93.9518432617188
546,111.610084533691
547,92.6259078979492
548,78.771110534668
551,92.6271591186523
552,103.720489501953
556,103.93563079834
557,94.8042831420898
558,111.520156860352
559,93.9403610229492
560,104.781379699707
562,106.231819152832
566,93.8389511108398
570,112.73583984375
571,93.3264465332031
572,104.340675354004
573,93.7804641723633
575,114.23657989502
576,111.719902038574
577,93.1051025390625
579,92.1289749145508
580,111.345230102539
581,111.277252197266
589,110.234039306641
591,102.455368041992
593,94.136360168457
594,103.270851135254
595,94.8024063110352
598,92.4309844970703
602,111.620933532715
604,111.991577148438
606,110.425514221191
608,95.0541381835938
609,104.338752746582
610,94.2655639648438
616,111.024101257324
617,93.0503540039062
618,102.764129638672
620,103.160224914551
622,110.778213500977
623,91.1983871459961
624,108.479202270508
626,111.678924560547
628,112.628768920898
629,94.3848648071289
630,110.652061462402
637,94.2521743774414
638,104.647727966309
643,93.5720138549805
645,95.2131500244141
646,114.380233764648
648,94.5298538208008
652,94.3340225219727
653,92.8201751708984
654,112.73583984375
656,110.297904968262
657,94.8556518554688
659,92.3288345336914
660,103.151596069336
663,93.7534637451172
664,111.427734375
666,103.141250610352
668,112.134719848633
669,93.357666015625
671,94.6304779052734
675,93.2640228271484
677,92.3086547851562
678,110.013298034668
679,103.283767700195
682,93.6629867553711
685,103.186164855957
687,94.7928771972656
688,93.4466400146484
693,111.634750366211
696,95.0298461914062
698,93.2526016235352
701,97.0410232543945
704,103.928131103516
705,115.001747131348
709,111.941528320312
710,94.6584625244141
711,104.808975219727
712,95.4089508056641
714,112.532669067383
715,93.2675933837891
716,110.136947631836
717,94.5571136474609
720,113.511291503906
721,92.9422302246094
724,102.924652099609
725,95.8649444580078
726,112.705108642578
728,111.367942810059
731,93.6419296264648
734,103.892112731934
738,94.1582107543945
745,113.314994812012
746,94.860237121582
751,78.5090026855469
754,92.9105529785156
756,94.5975189208984
758,94.1762619018555
759,111.144996643066
761,114.644897460938
766,94.014289855957
767,112.27619934082
768,91.6281814575195
769,114.075546264648
770,95.1325454711914
771,78.6540603637695
772,106.203071594238
773,92.9200820922852
774,112.008377075195
776,110.778373718262
777,93.8181381225586
780,115.977737426758
782,104.38143157959
787,103.062622070312
788,94.5645751953125
792,91.5125198364258
793,112.212844848633
798,94.5790557861328
800,92.6844329833984
806,110.136947631836
809,112.369277954102
811,113.458290100098
812,94.1367263793945
814,114.558486938477
816,102.576690673828
817,95.2919387817383
818,109.261863708496
820,111.860809326172
823,94.1593017578125
829,91.9731216430664
830,116.158020019531
831,92.5493927001953
834,111.606758117676
839,94.424186706543
841,78.8874130249023
844,103.908424377441
845,94.7787857055664
848,93.1422576904297
850,94.8238296508789
851,102.549644470215
852,93.3611221313477
854,93.7502593994141
855,94.6007843017578
856,103.4990234375
859,101.836128234863
861,112.008377075195
864,92.6191101074219
865,112.244659423828
866,92.7471389770508
867,93.6549377441406
869,94.6744918823242
871,92.9943313598633
872,110.136947631836
882,102.851844787598
883,92.5959548950195
885,94.4393081665039
888,95.0425109863281
893,111.020263671875
901,110.517036437988
903,103.660064697266
904,94.2921752929688
905,103.907493591309
910,94.4489669799805
911,111.355346679688
914,113.01668548584
918,110.764892578125
921,90.9366836547852
928,95.4235076904297
929,104.298515319824
932,92.9129638671875
933,105.008666992188
934,94.4489669799805
935,112.281433105469
937,83.3921661376953
939,94.130744934082
940,102.478820800781
941,94.6897277832031
942,103.034088134766
943,94.4272232055664
944,102.71125793457
947,110.136947631836
949,110.801536560059
951,111.658164978027
952,95.0799331665039
953,103.660064697266
954,78.2749404907227
957,111.189079284668
959,92.1516265869141
960,114.626075744629
963,114.558486938477
965,110.136947631836
967,102.860366821289
971,94.2416381835938
972,78.5089797973633
973,94.3724746704102
974,112.462539672852
975,93.8087692260742
978,116.268753051758
980,111.866149902344
981,95.3385848999023
984,112.140853881836
986,94.4489669799805
988,91.6281814575195
989,110.322952270508
990,105.017448425293
992,110.517036437988
996,94.2266006469727
999,112.675086975098
1000,92.4747619628906
1001,112.244659423828
1002,92.1232299804688
1003,110.778373718262
1004,92.4385070800781
1008,110.435134887695
1009,93.7231140136719
1010,105.03978729248
1012,114.948135375977
1013,94.1530227661133
1014,110.363250732422
1015,94.4211196899414
1016,114.265251159668
1019,95.3778610229492
1020,112.667121887207
1021,94.4489669799805
1022,103.900245666504
1024,94.4489669799805
1025,77.8952484130859
1027,94.4171295166016
1028,105.025764465332
1029,95.9115295410156
1030,92.9796676635742
1033,112.909080505371
1036,93.5248870849609
1037,112.601127624512
1038,93.0153350830078
1042,94.130744934082
1043,101.872787475586
1044,94.5673370361328
1045,112.357124328613
1047,113.159790039062
1050,94.0891952514648
1051,111.101951599121
1054,94.1431274414062
1056,95.3385848999023
1057,92.8166198730469
1059,95.6631317138672
1062,96.3412322998047
1063,103.65966796875
1064,95.3385848999023
1066,92.3882827758789
1070,103.365043640137
1076,113.221015930176
1077,96.8284454345703
1078,110.915214538574
1080,114.649879455566
1082,111.975700378418
1083,94.3414001464844
1089,109.784317016602
1091,96.4791259765625
1093,93.9234313964844
1097,95.1363754272461
1099,94.6304550170898
1101,95.0394515991211
1103,94.4730529785156
1104,113.062553405762
1106,111.536239624023
1109,92.967399597168
1110,113.011299133301
1111,93.722412109375
1112,112.019493103027
1114,95.4045867919922
1116,94.6976547241211
1117,111.187492370605
1120,94.5959548950195
1124,111.940071105957
1125,93.5797653198242
1126,112.697799682617
1134,112.169075012207
1137,94.1581039428711
1138,112.792999267578
1144,111.0546875
1145,95.8345108032227
1146,92.7534027099609
1148,95.2544555664062
1150,94.4011154174805
1152,103.389595031738
1153,93.9027633666992
1154,104.383491516113
1155,96.0027084350586
1157,94.0230178833008
1162,97.5383224487305
1165,111.421424865723
1166,93.9763793945312
1167,104.07258605957
1168,96.2796859741211
1169,102.402717590332
1171,115.279525756836
1172,95.5735244750977
1173,102.402717590332
1174,95.6601181030273
1176,95.0582656860352
1177,102.904121398926
1178,93.8213958740234
1182,111.700622558594
1186,94.9089813232422
1187,112.615280151367
1188,94.6089477539062
1189,115.980628967285
1191,104.433052062988
1192,96.6338577270508
1197,111.890480041504
1198,92.265625
1200,79.4801177978516
1201,93.7712631225586
1203,95.8977508544922
1209,114.710105895996
1214,103.564842224121
1218,112.612083435059
1222,95.2210083007812
1226,95.43359375
1228,95.016845703125
1230,93.4171981811523
1232,80.6408386230469
1233,95.9710998535156
1236,113.860778808594
1238,95.3374633789062
1241,111.0546875
1244,104.391738891602
1246,95.1285400390625
1247,112.247215270996
1250,110.776718139648
1251,96.0716247558594
1254,110.663887023926
1255,95.5076522827148
1256,111.408065795898
1257,94.5097045898438
1258,92.4931945800781
1259,112.088768005371
1260,95.0142517089844
1263,110.69213104248
1267,79.3125686645508
1268,110.493225097656
1271,95.99755859375
1272,111.419647216797
1274,102.051277160645
1275,97.5383224487305
1276,113.401733398438
1277,93.2737503051758
1279,92.7534027099609
1281,95.8654937744141
1282,94.6089477539062
1283,112.679504394531
1285,113.49006652832
1286,93.9971160888672
1289,112.199607849121
1296,112.780990600586
1299,94.3986587524414
1301,93.7045745849609
1306,94.0843200683594
1307,93.8808670043945
1308,93.2244720458984
1313,113.401733398438
1314,95.536865234375
1315,113.011299133301
1316,94.0628509521484
1317,111.689559936523
1319,94.1169357299805
1323,94.9398193359375
1324,103.755981445312
1325,94.9933929443359
1328,102.017471313477
1329,93.816032409668
1330,112.657371520996
1331,94.4391860961914
1332,104.639999389648
1337,92.7491989135742
1338,111.522987365723
1339,94.3434524536133
1340,112.175178527832
1343,112.419540405273
1347,104.65941619873
1348,93.963981628418
1349,104.99235534668
1352,92.439811706543
1354,94.2608947753906
1359,111.703651428223
1360,95.1981430053711
1363,111.19189453125
1364,94.7767486572266
1365,102.970169067383
1366,92.8246688842773
1372,95.0048217773438
1375,103.720321655273
1376,93.4979629516602
1378,93.5779800415039
1379,112.77774810791
1380,95.355598449707
1381,102.60774230957
1384,112.062042236328
1387,95.3926239013672
1388,112.362022399902
1392,78.9791107177734
1394,102.650367736816
1395,94.4415969848633
1396,111.459938049316
1398,93.8210067749023
1399,111.459938049316
1400,94.8256378173828
1401,93.9731826782227
1403,95.0199813842773
1404,111.960342407227
1406,111.459938049316
1407,95.3217010498047
1408,111.191474914551
1410,79.5710144042969
1412,111.710266113281
1413,93.904167175293
1415,94.9320907592773
1420,111.191474914551
1422,110.961799621582
1423,109.56330871582
1424,111.191474914551
1425,94.9721755981445
1426,79.5546035766602
1427,95.0323104858398
1429,93.3402938842773
1430,112.434349060059
1431,94.6614761352539
1432,103.70418548584
1434,110.882034301758
1437,95.3147888183594
1438,104.474060058594
1440,110.986923217773
1441,112.574768066406
1442,93.0625152587891
1444,111.38729095459
1445,95.5327758789062
1446,103.45775604248
1448,93.3347015380859
1453,94.0250701904297
1454,111.710266113281
1455,97.0258178710938
1456,110.745010375977
1458,111.710266113281
1459,94.2859115600586
1461,94.2847061157227
1465,95.3926239013672
1466,111.512077331543
1469,95.1389465332031
1472,94.0250701904297
1474,94.7204284667969
1477,113.405326843262
1479,110.342155456543
1482,92.7727661132812
1483,77.6821899414062
1487,95.0689468383789
1488,112.673629760742
1490,111.988662719727
1492,112.111854553223
1494,115.130737304688
1496,103.120704650879
1497,94.0239868164062
1499,95.2235107421875
1502,93.6090240478516
1507,111.380790710449
1508,92.439811706543
1509,110.700675964355
1511,94.3645553588867
1512,111.462226867676
1513,113.492858886719
1514,102.890754699707
1518,113.058334350586
1519,92.0347747802734
1522,113.101959228516
1524,78.869987487793
1527,93.0625152587891
1529,94.1304931640625
1532,103.866363525391
1536,112.4228515625
1537,115.3134765625
1539,105.582527160645
1542,112.050636291504
1543,93.4979629516602
1544,102.848052978516
1545,82.5202102661133
1550,93.254508972168
1551,111.180068969727
1554,106.2275390625
1556,106.124877929688
1559,93.9330368041992
1560,78.4501953125
1562,94.6630935668945
1566,92.6700744628906
1567,112.014678955078
1569,103.366760253906
1570,111.590240478516
1571,112.418258666992
1574,92.439811706543
1578,104.204917907715
1580,93.835563659668
1583,111.364273071289
1584,92.439811706543
1585,112.642692565918
1586,96.0180892944336
1587,111.548118591309
1588,92.2901229858398
1590,112.954658508301
1592,102.264312744141
1596,111.055145263672
1598,111.777954101562
1599,94.7926940917969
1604,113.18628692627
1606,102.064186096191
1607,93.904167175293
1608,103.086112976074
1609,115.092132568359
1611,94.4224853515625
1613,94.8096466064453
1616,95.102783203125
1619,110.623588562012
1620,93.0973892211914
1621,112.114471435547
1622,94.2301712036133
1625,109.828262329102
1627,115.092132568359
1629,111.492553710938
1634,92.973876953125
1636,93.6090469360352
1638,104.44539642334
1639,92.7393341064453
1641,94.4453887939453
1643,94.6330947875977
1644,104.224174499512
1645,115.993179321289
1646,93.3666381835938
1647,106.585494995117
1648,95.3256378173828
1652,93.835563659668
1653,112.394111633301
1656,97.2679901123047
1658,94.7926940917969
1659,111.46955871582
1661,95.8507461547852
1663,93.904167175293
1664,111.599479675293
1665,94.7877426147461
1666,106.109985351562
1667,103.346321105957
1668,80.6271209716797
1669,103.520523071289
1670,95.2416839599609
1672,112.428337097168
1674,110.411735534668
1677,112.673629760742
1678,93.4144287109375
1679,111.415664672852
1680,94.0921249389648
1683,104.003921508789
1686,103.623695373535
1687,111.130233764648
1689,112.155838012695
1690,93.7644729614258
1691,114.592224121094
1692,111.492973327637
1693,92.439811706543
1695,94.5012893676758
1696,94.0250701904297
1697,111.482940673828
1700,106.109985351562
1701,94.4506988525391
1702,111.564041137695
1703,92.9153747558594
1704,111.725341796875
1706,95.1434326171875
1707,112.676010131836
1708,96.3661270141602
1710,94.7190399169922
1711,103.337959289551
1713,104.409439086914
1717,103.864891052246
1719,104.204917907715
1720,93.1698913574219
1722,93.1519088745117
1725,103.202522277832
1726,96.6531295776367
1727,103.657493591309
1729,112.135940551758
1730,93.7682342529297
1731,111.904197692871
1733,106.056938171387
1734,95.0921859741211
1735,110.961799621582
1738,94.8096466064453
1742,94.6675643920898
1745,110.411735534668
1747,94.552978515625
1749,96.4468383789062
1751,95.3780059814453
1752,80.8092727661133
1753,103.85977935791
1754,95.8127365112305
1755,95.6317901611328
1756,104.017700195312
1758,112.487121582031
1759,95.9236145019531
1760,106.49592590332
1761,113.682762145996
1762,93.9614181518555
1763,110.130462646484
1764,93.0754318237305
1766,94.4254684448242
1768,96.5200424194336
1769,79.1922225952148
1771,112.982276916504
1772,92.7485580444336
1773,103.834808349609
1774,95.7190856933594
1775,113.868072509766
1777,113.275718688965
1779,95.9236145019531
1780,109.327476501465
1787,92.8877029418945
1788,93.8774490356445
1790,97.5874633789062
1796,113.134536743164
1801,92.8150024414062
1803,95.2205657958984
1807,111.438179016113
1809,112.821418762207
1812,94.4789962768555
1813,113.259094238281
1814,95.3872146606445
1815,114.644302368164
1816,96.9111480712891
1818,93.1192626953125
1820,94.7291488647461
1821,113.337287902832
1822,96.682373046875
1825,94.0753173828125
1826,103.720588684082
1828,96.8747024536133
1831,104.487777709961
1836,112.482467651367
1837,94.3628158569336
1841,95.2883605957031
1844,105.426376342773
1848,93.9961090087891
1851,105.016532897949
1852,95.4334716796875
1853,92.6250228881836
1854,111.893432617188
1856,95.6037673950195
1859,113.929626464844
1860,95.0554885864258
1861,79.449592590332
1863,105.925445556641
1865,96.6996917724609
1866,104.525695800781
1867,96.6927490234375
1868,92.4123611450195
1872,95.3093719482422
1879,96.0437850952148
1880,105.133361816406
1882,94.8332901000977
1885,103.495819091797
1887,105.248985290527
1888,93.4330978393555
1890,116.850654602051
1894,95.2184906005859
1895,103.838775634766
1896,96.8326110839844
1897,113.03426361084
1900,114.97875213623
1901,93.7114028930664
1902,113.756233215332
1905,93.8987426757812
1906,111.076385498047
1912,104.683662414551
1915,94.9196472167969
1916,105.036407470703
1917,94.6334686279297
1918,103.86051940918
1920,79.4432067871094
1923,93.9118804931641
1924,103.231986999512
1925,96.0376892089844
1930,116.952224731445
1932,114.020599365234
1933,92.8964691162109
1934,113.122627258301
1935,94.3354873657227
1940,79.8190612792969
1941,93.8880615234375
1942,112.994438171387
1943,96.4078674316406
1944,93.6059265136719
1945,111.255409240723
1948,116.187911987305
1949,94.656494140625
1952,98.3254089355469
1954,93.350700378418
1955,116.496765136719
1958,92.0720520019531
1959,80.4980621337891
1960,110.130462646484
1963,95.4352722167969
1965,94.6661758422852
1968,104.781318664551
1969,95.8058700561523
1971,94.9662857055664
1972,113.130027770996
1973,93.6837615966797
1975,93.3312530517578
1977,94.0416793823242
1978,95.8981628417969
1979,113.292434692383
1981,92.4859237670898
1982,112.5712890625
1987,113.789100646973
1988,92.2511672973633
1993,94.0081100463867
1997,93.7398834228516
1999,94.9144134521484
2001,94.993408203125
2002,111.97859954834
2003,93.8795623779297
2004,77.7310333251953
2006,111.731773376465
2007,93.1044006347656
2009,106.551322937012
2010,94.2591705322266
2013,94.1846542358398
2018,79.6293869018555
2022,104.050979614258
2024,113.49666595459
2025,95.0882186889648
2026,105.87427520752
2030,106.509094238281
2031,94.2599716186523
2032,104.683662414551
2033,95.6627655029297
2035,95.2277526855469
2036,114.336372375488
2037,92.6183471679688
2040,94.5224761962891
2043,111.980201721191
2044,104.127807617188
2046,102.94465637207
2054,112.496452331543
2055,97.3163452148438
2056,109.327476501465
2059,92.8299865722656
2060,93.7658004760742
2062,95.2980499267578
2063,113.046104431152
2066,95.2184906005859
2067,115.84610748291
2072,100.258026123047
2073,113.162826538086
2074,100.034156799316
2075,113.203514099121
2076,94.4606781005859
2080,96.7021179199219
2082,93.6552124023438
2085,112.650619506836
2087,113.485473632812
2091,111.464576721191
2092,95.2127456665039
2093,109.327476501465
2098,96.5710754394531
2101,110.130462646484
2102,94.5966186523438
2103,79.8190612792969
2105,104.520965576172
2106,95.1720504760742
2107,113.137245178223
2110,94.3720474243164
2114,94.7215194702148
2115,112.440368652344
2117,80.0028533935547
2118,93.1145172119141
2119,103.655700683594
2120,95.2699203491211
2122,94.7251968383789
2123,112.511001586914
2126,94.8879318237305
2127,104.526077270508
2128,95.4335556030273
2129,111.939002990723
2132,98.2218399047852
2135,105.571716308594
2138,95.7542495727539
2139,116.952224731445
2141,112.038635253906
2142,93.9695434570312
2146,94.5149459838867
2151,112.673240661621
2157,103.676094055176
2159,113.931114196777
2162,95.3422164916992
2164,113.649040222168
2167,93.2160415649414
2168,113.040840148926
2171,93.7231216430664
2173,95.9804916381836
2174,103.613647460938
2175,95.1826858520508
2178,93.9278182983398
2180,95.6004867553711
2185,112.718315124512
2189,93.3475875854492
2190,112.706604003906
2192,102.658103942871
2194,113.103317260742
2200,112.827026367188
2201,93.5479278564453
2203,111.662330627441
2204,93.2478866577148
2205,111.795082092285
2209,111.392196655273
2213,103.830406188965
2214,94.0117950439453
2215,110.950370788574
2216,93.0860366821289
2218,94.2944717407227
2219,105.17658996582
2220,94.3479690551758
2222,92.3829193115234
2223,111.990310668945
2225,112.625617980957
2226,95.1255645751953
2230,94.2374496459961
2233,112.007926940918
2234,113.573638916016
2235,93.2478866577148
2236,79.4069061279297
2237,92.8068771362305
2240,113.593910217285
2241,94.9776382446289
2248,104.25186920166
2249,94.4723968505859
2250,111.751037597656
2252,113.393867492676
2253,94.3921508789062
2254,112.858039855957
2256,79.3651733398438
2258,93.5903167724609
2259,113.347175598145
2262,97.5646820068359
2265,94.3350524902344
2266,103.566375732422
2269,95.5728530883789
2271,95.0050354003906
2273,93.6456146240234
2274,111.901054382324
2275,94.4582290649414
2277,95.9001007080078
2279,93.2478866577148
2280,78.1125106811523
2282,95.7151336669922
2283,102.144905090332
2288,93.0534896850586
2289,111.426628112793
2291,95.3167495727539
2292,116.594360351562
2297,94.7071685791016
2298,104.545677185059
2299,95.9384460449219
2300,114.015533447266
2301,93.9142837524414
2304,96.4809646606445
2305,102.574920654297
2306,97.5646820068359
2308,93.2180633544922
2309,112.330268859863
2311,95.1871337890625
2312,103.44856262207
2316,103.122116088867
2321,103.360893249512
2322,112.215293884277
2325,103.757614135742
2326,94.1237487792969
2329,116.594360351562
2330,94.5112991333008
2331,103.463577270508
2332,112.406387329102
2333,97.5646820068359
2334,103.530731201172
2335,110.975463867188
2337,113.431640625
2338,94.6420822143555
2340,112.406387329102
2342,94.1511459350586
2345,94.3169250488281
2349,95.8952255249023
2351,79.32861328125
2352,95.4967193603516
2354,111.284454345703
2355,115.333465576172
2357,112.625617980957
2358,94.2414321899414
2360,95.4447860717773
2361,111.284454345703
2364,94.3976211547852
2366,96.5369338989258
2369,105.481918334961
2370,95.6309204101562
2371,111.607048034668
2373,113.224922180176
2374,97.9489364624023
2376,112.430290222168
2378,112.37385559082
2382,95.0672607421875
2383,93.341438293457
2386,102.968521118164
2387,94.957405090332
2389,98.8061599731445
2390,111.081840515137
2392,91.7824249267578
2398,112.406387329102
2399,95.3177185058594
2400,94.7804870605469
2401,111.583587646484
2402,94.5767135620117
2404,94.6179809570312
2407,111.485733032227
2408,112.897621154785
2409,113.406455993652
2412,88.2653579711914
2413,95.2826995849609
2415,93.970588684082
2420,111.324363708496
2422,95.5232772827148
2423,103.146156311035
2426,95.0645980834961
2432,94.8542633056641
2434,92.9448852539062
2435,101.859283447266
2436,112.007293701172
2438,110.995132446289
2440,112.115562438965
2443,94.2292251586914
2444,94.4490585327148
2447,104.25186920166
2450,95.4687347412109
2454,96.0391540527344
2455,112.066055297852
2459,97.5646820068359
2460,110.0615234375
2463,94.0954284667969
2465,94.648796081543
2468,79.1603851318359
2469,92.8034057617188
2474,93.5776901245117
2478,93.7946395874023
2480,94.4943466186523
2481,113.593910217285
2489,95.6004867553711
2490,105.374557495117
2492,93.235481262207
2496,97.5646820068359
2497,112.363662719727
2500,94.6022491455078
2505,98.1654510498047
2507,93.8992080688477
2508,111.795082092285
2509,93.8905639648438
2510,79.0490570068359
2513,92.8088684082031
2515,95.6004867553711
2518,93.341438293457
2519,111.511413574219
2520,93.341438293457
2521,112.738838195801
2523,112.347297668457
2525,95.5636825561523
2529,111.414024353027
2530,92.5842361450195
2533,110.003280639648
2535,93.6982498168945
2538,101.433876037598
2544,111.685615539551
2553,111.43684387207
2556,93.4838256835938
2558,92.9912796020508
2559,114.511772155762
2560,92.7888565063477
2561,112.496192932129
2562,93.7974472045898
2563,111.478912353516
2564,92.6304931640625
2565,111.953956604004
2567,104.918518066406
2572,93.8388748168945
2575,95.3971786499023
2576,112.179733276367
2577,94.3753128051758
2578,95.0649185180664
2579,113.360931396484
2580,92.6406631469727
2582,111.421310424805
2583,98.3158493041992
2587,92.4974670410156
2589,112.137107849121
2590,95.3667755126953
2591,111.414024353027
2594,94.4885330200195
2597,93.9699630737305
2598,102.891616821289
2599,92.6074600219727
2600,102.632972717285
2602,109.846420288086
2603,93.8388748168945
2604,104.08447265625
2606,112.815979003906
2607,77.9164199829102
2608,95.1905975341797
2613,110.974311828613
2614,93.7076721191406
2615,111.072006225586
2617,112.296569824219
2620,94.9992828369141
2623,112.090225219727
2624,93.3351364135742
2627,110.974311828613
2629,77.9164199829102
2630,95.6867828369141
2632,94.0189590454102
2636,95.075309753418
2639,96.9363098144531
2640,104.347290039062
2642,111.414024353027
2644,105.216796875
2646,111.257133483887
2647,95.2575302124023
2649,92.7634582519531
2650,106.32405090332
2652,104.775352478027
2653,102.803375244141
2655,107.820083618164
2657,111.418762207031
2659,110.474197387695
2662,93.8638610839844
2663,112.859565734863
2664,93.1011428833008
2665,104.646408081055
2670,96.7018051147461
2671,103.242416381836
2672,92.8289947509766
2675,104.775352478027
2677,112.344787597656
2679,112.081130981445
2683,111.713256835938
2684,94.4556427001953
2685,94.7768859863281
2688,103.338645935059
2689,94.1260299682617
2690,104.152725219727
2693,95.1928329467773
2694,112.10481262207
2697,99.5316009521484
2699,94.0692825317383
2703,94.3784561157227
2705,102.756988525391
2709,79.2584609985352
2710,94.0504913330078
2711,110.955123901367
2712,92.7315826416016
2713,98.9803848266602
2714,112.347549438477
2715,92.910026550293
2717,91.2091064453125
2718,111.010971069336
2720,111.112075805664
2721,92.953727722168
2726,93.5640869140625
2728,92.7982711791992
2731,103.08226776123
2732,109.767707824707
2734,93.351448059082
2736,102.492561340332
2737,92.857048034668
2738,103.111351013184
2739,114.879295349121
2746,92.8956451416016
2749,102.212387084961
2751,116.771469116211
2752,104.105575561523
2753,93.2128677368164
2757,105.566062927246
2758,94.5645980834961
2759,110.712982177734
2760,95.3381042480469
2762,111.293106079102
2764,94.587646484375
2765,109.722358703613
2769,111.980293273926
2771,111.424125671387
2774,93.9462509155273
2776,93.2301483154297
2777,111.763877868652
2778,94.8128890991211
2779,111.665618896484
2782,92.0119018554688
2784,93.6257553100586
2787,94.3691711425781
2789,92.7558288574219
2792,94.443603515625
2798,96.2680740356445
2799,103.079261779785
2800,94.4326248168945
2801,80.0742721557617
2802,93.7376556396484
2804,94.1078948974609
2807,103.59455871582
2808,95.4155654907227
2809,115.115875244141
2811,113.698768615723
2812,93.0921020507812
2814,90.3809967041016
2816,93.6792831420898
2817,112.35799407959
2818,110.903793334961
2820,112.440742492676
2821,79.2848052978516
2822,93.4825286865234
2823,104.111640930176
2824,93.5484466552734
2826,94.0422439575195
2829,94.2255020141602
2834,93.8170471191406
2835,79.4321594238281
2838,98.2938385009766
2839,110.861320495605
2840,92.3291625976562
2841,111.555130004883
2842,95.1941909790039
2846,112.138397216797
2848,93.9852905273438
2849,93.0528030395508
2850,112.347549438477
2851,94.0194625854492
2853,93.4763717651367
2854,111.414024353027
2858,114.635063171387
2861,94.1235122680664
2864,93.5137252807617
2865,112.859565734863
2866,111.403526306152
2867,93.0164642333984
2868,112.288642883301
2870,111.067359924316
2877,95.327018737793
2878,110.974311828613
2880,111.088195800781
2882,78.3822708129883
2883,94.4800872802734
2884,103.064346313477
2885,94.900634765625
2887,94.5958633422852
2888,111.786987304688
2889,94.1705703735352
2890,102.705963134766
2891,94.8590850830078
2892,114.299339294434
2893,96.0223083496094
2898,112.990798950195
2899,93.6709136962891
2900,112.127380371094
2901,93.5201110839844
2909,94.5834426879883
2910,111.007484436035
2911,112.067138671875
2913,111.77197265625
2914,96.0149459838867
2918,92.0245208740234
2919,111.988166809082
2920,93.7151489257812
2921,110.974311828613
2922,93.8786468505859
2923,103.61555480957
2925,112.771224975586
2926,93.4057235717773
2927,112.288047790527
2929,112.193885803223
2933,93.7638626098633
2934,112.454444885254
2936,110.212608337402
2941,104.247901916504
2942,94.9008102416992
2943,112.55322265625
2945,104.447746276855
2950,92.6231307983398
2951,113.179298400879
2953,113.378921508789
2954,94.7649612426758
2955,102.894477844238
2956,96.0145874023438
2960,94.4782943725586
2962,94.3320770263672
2963,103.381958007812
2964,103.715347290039
2966,78.5314178466797
2967,95.0092315673828
2968,111.75235748291
2969,92.6811447143555
2971,93.86669921875
2972,94.5877914428711
2974,93.965950012207
2975,112.64623260498
2977,114.997192382812
2980,112.941146850586
2981,93.0435256958008
2983,95.4523239135742
2984,105.25691986084
2985,115.39404296875
2986,104.470558166504
2987,94.5877914428711
2989,94.0639343261719
2990,111.598136901855
2991,94.2811660766602
2992,78.6908874511719
2995,101.426040649414
2996,104.438529968262
3002,111.449172973633
3004,112.917671203613
3005,114.438209533691
3006,94.7140197753906
3010,96.1522598266602
3011,103.958129882812
3014,93.1437759399414
3015,94.0582122802734
3016,95.5517425537109
3017,111.570457458496
3018,92.6080093383789
3021,103.511390686035
3024,104.994338989258
3028,93.911262512207
3030,94.2782669067383
3032,93.5933685302734
3039,95.228645324707
3040,105.242240905762
3041,98.0619277954102
3043,94.1836624145508
3044,112.990653991699
3046,111.883155822754
3055,92.8488311767578
3056,113.277954101562
3058,93.4372940063477
3059,111.580718994141
3061,117.084121704102
3063,104.691368103027
3066,93.1954650878906
3067,104.994338989258
3068,79.0186920166016
3069,93.0742263793945
3072,113.34774017334
3073,111.998191833496
3074,93.3229675292969
3077,93.0286483764648
3082,94.7604370117188
3084,101.426040649414
3085,111.429008483887
3088,105.614936828613
3091,94.0469589233398
3092,112.812957763672
3093,94.3186645507812
3094,102.83731842041
3096,111.401351928711
3097,93.1836929321289
3098,79.7888412475586
3102,113.941467285156
3106,93.7001800537109
3109,94.2302932739258
3111,93.4093704223633
3112,114.438209533691
3113,93.0028762817383
3115,101.079368591309
3116,111.328910827637
3117,95.3636856079102
3121,111.619201660156
3122,93.3514785766602
3123,95.8197326660156
3124,105.386375427246
3125,95.5517425537109
3126,101.858108520508
3127,114.341529846191
3129,94.4368743896484
3130,112.38533782959
3132,104.22575378418
3134,104.01732635498
3135,95.0655364990234
3137,77.6230087280273
3138,93.9348220825195
3140,92.0689392089844
3144,112.562019348145
3145,94.1315383911133
3146,111.868423461914
3147,94.46337890625
3148,103.319564819336
3149,103.834678649902
3150,112.620880126953
3151,94.1618804931641
3152,93.3537216186523
3155,95.5816268920898
3156,113.020660400391
3159,92.5434799194336
3161,94.0315856933594
3162,104.5751953125
3163,93.7357482910156
3165,102.385528564453
3172,94.0441360473633
3173,110.138977050781
3176,93.9460144042969
3177,103.186706542969
3179,112.64623260498
3183,93.5970306396484
3186,96.4584884643555
3187,104.84546661377
3189,111.86450958252
3190,94.1081008911133
3192,114.341529846191
3193,94.0441360473633
3194,113.081405639648
3197,94.6826553344727
3198,93.4844512939453
3200,93.9167709350586
3201,114.315032958984
3202,93.4844512939453
3204,94.3802642822266
3205,92.9719619750977
3206,113.436401367188
3208,103.764305114746
3210,103.147964477539
3211,93.4277496337891
3212,117.084121704102
3213,94.6290283203125
3214,110.478477478027
3216,104.552658081055
3219,95.4354705810547
3220,111.121154785156
3221,93.0028762817383
3226,107.67748260498
3227,95.762077331543
3228,112.508560180664
3229,94.2613525390625
3232,78.5488815307617
3233,93.8827285766602
3234,93.6082611083984
3236,95.5735092163086
3238,112.696350097656
3239,111.376747131348
3240,91.8941955566406
3247,111.600631713867
3249,103.790367126465
3252,114.939582824707
3253,94.6039276123047
3254,104.184844970703
3255,94.7853775024414
3256,111.58878326416
3257,93.3207321166992
3262,95.8065185546875
3263,103.903480529785
3264,96.0145874023438
3266,111.584625244141
3267,94.120361328125
3269,94.299430847168
3272,115.39404296875
3274,94.6826553344727
3275,103.906967163086
3277,94.7882461547852
3279,95.5269622802734
3280,103.964958190918
3283,95.8185806274414
3285,94.6187438964844
3287,92.166633605957
3288,104.994338989258
3290,105.027206420898
3291,93.4673233032227
3298,112.801727294922
3299,93.513671875
3302,110.651550292969
3303,92.9627532958984
3304,104.379730224609
3307,93.9767913818359
3309,94.9296035766602
3314,79.3540649414062
3316,112.064903259277
3317,97.5781173706055
3319,94.1914978027344
3320,111.798965454102
3321,94.8204727172852
3322,105.331237792969
3324,92.5777130126953
3326,93.9712600708008
3329,111.188163757324
3330,92.9686660766602
3331,112.508270263672
3335,115.302917480469
3337,94.7361907958984
3338,104.18042755127
3339,94.5131149291992
3340,111.090545654297
3341,93.8751602172852
3343,95.5676879882812
3346,93.9559936523438
3348,94.189323425293
3351,103.075286865234
3352,116.185493469238
3355,92.0343475341797
3356,112.47647857666
3358,103.453155517578
3359,94.2681884765625
3360,111.555809020996
3371,112.432106018066
3372,93.7879943847656
3374,94.869384765625
3377,112.733558654785
3378,93.4586410522461
3380,104.323211669922
3382,93.9587326049805
3386,94.3484649658203
3389,111.700042724609
3391,103.152847290039
3393,95.0437164306641
3394,103.290397644043
3395,93.8295059204102
3397,110.799331665039
3398,94.9354629516602
3399,78.701416015625
3400,94.0612106323242
3404,102.946334838867
3407,112.406211853027
3409,104.482666015625
3419,94.1045227050781
3421,93.2710876464844
3425,94.2161483764648
3427,78.1415176391602
3428,116.245246887207
3429,111.784385681152
3431,93.0007781982422
3435,93.7051315307617
3436,111.729591369629
3439,97.0140991210938
3441,93.1970291137695
3442,116.245246887207
3443,94.7609405517578
3444,102.915031433105
3445,93.3200149536133
3446,112.338203430176
3449,92.771728515625
3453,93.4936065673828
3457,94.5402603149414
3460,103.795837402344
3461,94.4361038208008
3462,93.5752258300781
3464,105.718376159668
3465,79.0504608154297
3466,95.0982284545898
3467,103.129760742188
3468,94.711296081543
3469,103.367218017578
3470,102.592735290527
3472,111.815902709961
3473,94.1942367553711
3475,93.6164398193359
3476,111.422172546387
3478,104.778625488281
3479,96.600341796875
3483,92.7290191650391
3484,103.47444152832
3485,94.7256164550781
3487,94.4122848510742
3488,111.895355224609
3496,111.831932067871
3497,94.4568557739258
3499,93.7651824951172
3500,78.2173385620117
3501,95.3363494873047
3504,94.7346801757812
3508,105.322044372559
3511,93.3367614746094
3512,110.470664978027
3515,93.8192596435547
3517,94.4042434692383
3518,103.065101623535
3526,110.636199951172
3528,114.131011962891
3529,93.5225677490234
3530,112.023315429688
3531,94.2921371459961
3532,111.57063293457
3533,93.599723815918
3534,93.6054916381836
3535,77.5649032592773
3536,93.1620407104492
3537,112.208709716797
3538,93.3284149169922
3539,111.458320617676
3540,103.426963806152
3545,112.5595703125
3546,91.1268920898438
3550,104.013336181641
3551,93.5538101196289
3553,93.9251861572266
3554,103.795837402344
3557,92.8502502441406
3558,111.752220153809
3559,92.771728515625
3561,94.1971054077148
3562,110.799331665039
3563,93.8988189697266
3564,103.075286865234
3565,93.3200149536133
3567,93.0636215209961
3571,103.075286865234
3572,94.5193023681641
3574,95.3146514892578
3576,94.3455505371094
3577,112.679702758789
3578,95.1754379272461
3579,94.3027877807617
3583,94.251708984375
3585,94.4978256225586
3586,104.868270874023
3587,111.518592834473
3593,95.1084289550781
3594,110.346984863281
3595,93.6428451538086
3599,93.8398666381836
3600,104.161186218262
3601,111.815902709961
3602,92.771728515625
3604,95.3382186889648
3609,114.359169006348
3610,111.12540435791
3612,110.731536865234
3614,112.83487701416
3615,93.6053009033203
3617,96.8600082397461
3618,111.089027404785
3619,112.59854888916
3620,110.861869812012
3621,92.9941177368164
3625,93.0983734130859
3626,104.554206848145
3630,103.228225708008
3631,95.2451934814453
3632,104.370811462402
3633,94.3080444335938
3634,111.502960205078
3637,94.0576858520508
3639,93.8256454467773
3640,111.706192016602
3641,93.4335556030273
3644,112.598846435547
3645,93.9299392700195
3646,94.12060546875
3647,93.3444442749023
3648,110.817802429199
3653,110.727241516113
3654,97.408447265625
3655,112.299812316895
3659,102.150505065918
3660,93.4260559082031
3662,112.991363525391
3666,94.4931411743164
3668,93.6700744628906
3671,95.8802871704102
3673,94.4547653198242
3674,112.088073730469
3675,94.6071395874023
3681,92.7899017333984
3682,110.488243103027
3686,110.868927001953
3687,92.6581954956055
3692,80.3320617675781
3695,111.962387084961
3696,94.5476303100586
3699,113.72673034668
3705,111.905403137207
3707,79.020637512207
3708,93.8981628417969
3709,111.635635375977
3710,94.6335220336914
3712,92.6604690551758
3715,111.248649597168
3716,94.6224670410156
3720,111.539329528809
3722,79.020637512207
3726,93.3746566772461
3728,92.6497802734375
3729,110.718681335449
3731,102.59228515625
3735,112.523559570312
3736,98.0752029418945
3739,102.887908935547
3741,111.467880249023
3743,103.237976074219
3744,94.7836532592773
3745,111.849090576172
3746,93.5157165527344
3751,93.3645782470703
3753,93.2273941040039
3760,110.835319519043
3761,92.6510848999023
3762,110.71070098877
3763,93.1658401489258
3765,92.3310241699219
3768,111.287628173828
3769,92.857307434082
3770,103.532455444336
3773,111.651786804199
3774,93.9251937866211
3776,94.1434860229492
3778,93.3698883056641
3779,110.223983764648
3780,96.3967056274414
3781,110.631645202637
3782,92.9661560058594
3783,111.684272766113
3784,92.6155090332031
3786,92.9257202148438
3789,110.74528503418
3790,94.4928665161133
3793,112.093933105469
3795,110.606170654297
3797,93.5374908447266
3798,114.374382019043
3800,111.814353942871
3804,95.0182952880859
3810,93.3365859985352
3815,111.018966674805
3816,95.0751266479492
3818,103.143730163574
3824,110.736915588379
3828,103.483406066895
3830,110.24927520752
3831,93.6508026123047
3832,76.4282455444336
3834,111.715538024902
3835,92.1481781005859
3836,111.511451721191
3838,93.3045959472656
3839,114.241081237793
3840,111.821701049805
3845,93.6978302001953
3846,110.265510559082
3847,93.1680297851562
3849,77.4065322875977
3853,111.050987243652
3855,104.904289245605
3856,94.2581481933594
3864,78.4975433349609
3865,93.1513977050781
3866,111.731719970703
3867,92.5537414550781
3868,111.814353942871
3869,94.6066360473633
3871,93.6003570556641
3875,102.020950317383
3876,93.7696304321289
3878,92.1245880126953
3879,110.619155883789
3881,111.814353942871
3883,111.900566101074
3884,93.9066009521484
3886,110.829513549805
3890,97.1905899047852
3893,110.417999267578
3897,104.224266052246
3901,93.0501022338867
3902,108.962821960449
3913,112.051162719727
3914,93.6281967163086
3916,92.4419174194336
3917,110.550064086914
3924,104.469024658203
3925,93.9227905273438
3928,94.4499816894531
3929,112.234260559082
3932,91.4682540893555
3933,104.325561523438
3934,78.0861206054688
3935,92.6797637939453
3936,94.2978057861328
3937,110.294303894043
3938,94.2220687866211
3939,110.659896850586
3943,91.8879470825195
3944,110.769866943359
3945,110.341766357422
3946,95.5894165039062
3947,111.034194946289
3948,95.2634353637695
3949,110.502685546875
3950,94.3208999633789
3951,111.222755432129
3952,93.010612487793
3953,112.03157043457
3961,112.45728302002
3962,93.052734375
3966,94.0714721679688
3967,102.82120513916
3968,93.8475112915039
3969,110.934852600098
3970,93.31494140625
3971,105.019432067871
3973,91.9495620727539
3974,111.450904846191
3975,113.125877380371
3977,94.5726928710938
3979,110.911659240723
3985,94.199821472168
3986,102.586364746094
3988,110.607818603516
3991,93.099983215332
3992,103.270240783691
3993,93.3147583007812
3994,93.8079833984375
3995,110.798141479492
4005,111.47615814209
4007,93.5612564086914
4008,102.908058166504
4009,94.0971984863281
4010,110.964836120605
4011,79.3449325561523
4012,93.2779998779297
4013,104.659996032715
4015,111.099212646484
4016,111.458381652832
4018,111.751220703125
4025,93.826286315918
4026,112.012161254883
4028,111.729034423828
4029,94.6682281494141
4031,93.4981536865234
4032,111.764747619629
4033,94.6887741088867
4034,103.847152709961
4037,93.0242538452148
4038,103.567985534668
4039,93.5069122314453
4041,94.111083984375
4042,111.299697875977
4043,93.8925704956055
4044,104.325561523438
4045,94.0216979980469
4046,112.663795471191
4047,94.7655258178711
4048,103.610168457031
4049,94.9091262817383
4051,93.5304794311523
4052,111.329513549805
4058,102.846954345703
4062,110.640205383301
4064,111.379463195801
4067,92.5827713012695
4068,78.231071472168
4070,93.4730453491211
4072,113.560569763184
4074,112.840606689453
4075,95.3567352294922
4076,111.46752166748
4077,92.7156982421875
4078,112.263572692871
4080,104.325561523438
4082,112.430244445801
4085,93.40966796875
4086,112.374839782715
4088,112.012161254883
4089,93.0244979858398
4092,78.0055618286133
4094,92.3403778076172
4095,111.180969238281
4096,93.1117324829102
4097,103.065376281738
4102,93.0586242675781
4105,110.12548828125
4107,112.186386108398
4111,94.0102081298828
4112,104.187858581543
4113,94.1506118774414
4114,122.384284973145
4115,92.0280609130859
4116,112.292755126953
4117,93.1359329223633
4118,95.046272277832
4119,111.453323364258
4120,93.9054489135742
4122,81.1367034912109
4125,92.9825668334961
4126,111.859298706055
4129,111.456275939941
4134,112.352638244629
4137,93.0968322753906
4141,103.159461975098
4142,94.3233261108398
4144,93.4189682006836
4145,104.469024658203
4146,96.9559478759766
4150,92.9323348999023
4151,77.7414093017578
4154,92.5827713012695
4156,94.4069595336914
4157,111.72664642334
4159,111.458381652832
4160,93.6906814575195
4161,110.833938598633
4168,94.3675231933594
4171,103.173782348633
4172,104.202995300293
4173,94.5962600708008
4175,92.478401184082
4176,104.325561523438
4177,93.4189682006836
4178,101.937614440918
4179,93.3098373413086
4181,110.901817321777
4183,94.6682281494141
4184,112.854248046875
4185,93.3420181274414
4186,111.627708435059
4188,114.840698242188
4190,111.335487365723
4192,93.263557434082
4193,110.02685546875
4194,113.442436218262
4195,95.5824661254883
4196,78.8872146606445
4202,95.7150955200195
4203,103.566032409668
4208,93.5456085205078
4209,111.834121704102
4210,93.5167999267578
4211,110.832916259766
4212,115.602813720703
4214,103.391242980957
4215,92.8216171264648
4216,112.554153442383
4217,91.9471664428711
4219,94.5912704467773
4222,110.294303894043
4224,78.9391860961914
4231,103.821762084961
4232,94.6682281494141
4234,93.6719360351562
4236,93.4189682006836
4237,102.001930236816
4240,92.8915710449219
4242,103.889495849609
4243,94.0405960083008
4247,93.6914825439453
4248,111.991386413574
4249,92.9379501342773
4254,102.967651367188
4263,93.0782775878906
4265,111.160995483398
4267,111.782623291016
4268,111.585090637207
4271,111.486366271973
4272,94.531867980957
4273,111.604705810547
4274,92.0665435791016
4276,94.004508972168
4278,93.6959457397461
4280,93.2885437011719
4281,111.527961730957
4283,92.6830139160156
4284,111.716621398926
4285,94.6534042358398
4286,111.203277587891
4287,93.2560653686523
4288,115.888580322266
4289,93.0399627685547
4290,87.2882308959961
4293,95.637336730957
4296,110.731185913086
4297,92.7690505981445
4299,93.2075271606445
4303,111.067832946777
4310,95.5206756591797
4312,103.828918457031
4318,104.247863769531
4320,112.628936767578
4322,93.1722564697266
4323,114.929824829102
4325,105.304275512695
4326,111.669303894043
4328,103.871490478516
4330,103.571319580078
4332,111.563652038574
4333,94.4873199462891
4335,94.1528778076172
4336,110.353385925293
4338,104.361228942871
4341,94.2332153320312
4342,103.65576171875
4344,103.643585205078
4347,95.3636322021484
4348,103.951354980469
4351,107.410148620605
4352,94.0588073730469
4353,111.76481628418
4355,103.063896179199
4356,94.5776596069336
4359,103.99626159668
4360,94.2228164672852
4361,94.1020202636719
4364,100.135467529297
4365,103.850112915039
4368,93.54541015625
4372,94.733757019043
4374,93.2313613891602
4376,94.4010238647461
4377,103.860763549805
4380,95.1949615478516
4383,104.872703552246
4384,94.8481979370117
4385,106.23371887207
4389,92.7341613769531
4391,94.9495391845703
4392,111.340759277344
4393,93.6385650634766
4395,94.5337982177734
4396,112.754364013672
4398,111.73698425293
4399,95.3397903442383
4401,92.4873809814453
4406,95.5885162353516
4408,105.959800720215
4412,103.951354980469
4415,94.9976806640625
4418,111.824798583984
4419,93.2313613891602
4420,78.431884765625
4422,111.559516906738
4423,93.2313613891602
4425,94.1480331420898
4428,111.759353637695
4431,112.487594604492
4434,93.661994934082
4436,93.3391876220703
4437,111.232139587402
4439,115.321983337402
4440,94.4645462036133
4441,111.967658996582
4444,93.9514083862305
4445,104.786003112793
4446,94.5610427856445
4447,114.591796875
4452,104.273345947266
4456,112.216293334961
4457,94.1450119018555
4458,111.66869354248
4460,94.5739059448242
4461,114.515968322754
4462,94.9442443847656
4465,102.866149902344
4466,102.944091796875
4468,95.2752838134766
4469,104.96802520752
4472,110.721954345703
4475,93.9722366333008
4478,93.5703125
4479,112.127983093262
4480,94.7904510498047
4483,79.0057907104492
4484,94.4921493530273
4485,104.439468383789
4486,94.6184692382812
4488,93.9928817749023
4489,104.193130493164
4490,95.6044769287109
4491,109.198539733887
4492,94.5201034545898
4493,107.354927062988
4494,94.5180206298828
4495,102.884788513184
4498,77.0412750244141
4499,94.2163848876953
4500,102.387062072754
4503,111.988143920898
4505,102.79076385498
4506,93.3454360961914
4507,94.2483291625977
4508,104.247863769531
4510,110.813903808594
4511,92.7149963378906
4513,95.0634384155273
4516,79.6559448242188
4519,93.778205871582
4521,94.8499526977539
4531,93.4030151367188
4532,78.6114883422852
4533,94.9432907104492
4534,111.825607299805
4536,104.247863769531
4537,94.1450119018555
4539,94.6259994506836
4542,103.437194824219
4545,93.7115249633789
4549,92.7630462646484
4551,94.8114929199219
4554,103.626754760742
4556,112.309928894043
4559,112.37028503418
4561,111.083045959473
4562,111.369186401367
4566,111.423202514648
4569,93.0986557006836
4570,112.754364013672
4573,94.4244003295898
4574,103.203910827637
4575,91.9785766601562
4577,95.7188720703125
4578,112.129272460938
4580,111.931274414062
4582,93.6696929931641
4583,111.559516906738
4585,94.7092742919922
4587,104.247863769531
4595,93.7531051635742
4596,112.324508666992
4601,93.4717559814453
4602,111.928146362305
4603,94.7124938964844
4605,112.155227661133
4606,93.5143814086914
4607,113.550987243652
4608,95.2023315429688
4610,95.6625289916992
4613,104.461730957031
4617,93.2470703125
4618,111.165016174316
4619,93.4398651123047
4620,94.1706390380859
4622,98.3177871704102
4625,94.5739059448242
4626,104.247863769531
4627,95.4650421142578
4629,93.763069152832
4631,93.041015625
4633,104.247863769531
4634,115.053718566895
4635,94.5840454101562
4639,94.4217147827148
4640,105.197074890137
4642,103.036018371582
4644,111.928779602051
4646,104.247863769531
4647,93.6966018676758
4648,79.5951309204102
4649,92.750129699707
4650,111.126014709473
4655,92.7630462646484
4660,93.8014450073242
4661,110.718551635742
4662,91.4161605834961
4663,111.707038879395
4665,94.8644104003906
4666,112.357276916504
4667,103.996406555176
4668,94.6395645141602
4670,94.6912612915039
4671,112.04467010498
4672,97.3759460449219
4673,103.319900512695
4675,103.703460693359
4676,94.7075881958008
4677,111.521133422852
4680,94.6494216918945
4682,94.4482955932617
4683,111.457878112793
4685,104.004402160645
4686,93.2303009033203
4688,113.471412658691
4690,111.236557006836
4692,112.838516235352
4693,93.9681549072266
4697,94.8117218017578
4700,112.165733337402
4702,112.156578063965
4707,115.170799255371
4708,94.2602310180664
4710,79.6298904418945
4716,98.1118469238281
4717,95.419792175293
4718,94.8331604003906
4720,96.1295700073242
4721,80.0696716308594
4723,96.4153366088867
4726,112.486320495605
4727,93.213623046875
4729,94.0427856445312
4731,95.4317092895508
4732,111.596664428711
4735,94.7710037231445
4736,104.329528808594
4737,96.9900054931641
4738,112.169189453125
4739,112.092025756836
4744,104.785057067871
4747,94.4424362182617
4749,113.457527160645
4750,94.2602310180664
4752,113.642234802246
4755,95.2083969116211
4756,103.632347106934
4757,113.206253051758
4758,94.3007125854492
4759,104.054481506348
4763,95.4894638061523
4764,104.202140808105
4765,93.3039627075195
4766,94.1355972290039
4767,113.797981262207
4769,112.104476928711
4770,94.0500869750977
4771,77.7619552612305
4772,104.172721862793
4774,113.951873779297
4776,111.293594360352
4777,112.501823425293
4778,95.3290100097656
4780,94.7993469238281
4784,95.80322265625
4786,94.6240615844727
4787,79.5923843383789
4788,97.6295547485352
4789,113.642234802246
4791,104.501220703125
4792,95.0525207519531
4795,111.877243041992
4796,94.3416213989258
4803,94.4176788330078
4805,97.0639419555664
4807,93.3995971679688
4809,94.6776123046875
4816,95.9454803466797
4817,79.6183319091797
4818,91.5142440795898
4820,95.3511352539062
4821,103.722671508789
4823,112.707252502441
4824,94.8983993530273
4825,111.876281738281
4829,102.459518432617
4830,97.606315612793
4831,112.497970581055
4833,104.913665771484
4836,95.6183242797852
4837,113.471412658691
4838,93.5734176635742
4840,96.3538284301758
4841,80.0249099731445
4842,92.4904174804688
4843,112.756591796875
4844,94.6941604614258
4849,108.015602111816
4851,103.740257263184
4852,94.4543228149414
4858,93.9041442871094
4860,97.606315612793
4863,111.295555114746
4864,95.4199371337891
4865,112.397239685059
4867,112.649993896484
4868,95.7327346801758
4869,113.179290771484
4873,93.5883102416992
4875,95.2286529541016
4876,112.367530822754
4877,93.8410491943359
4878,111.735054016113
4880,79.2633972167969
4886,111.601058959961
4888,105.24112701416
4889,95.9310836791992
4890,111.97435760498
4893,95.1220092773438
4895,93.7539215087891
4896,103.72688293457
4899,94.7080154418945
4901,94.9571304321289
4902,111.586654663086
4903,94.2197265625
4904,113.642234802246
4910,95.1873016357422
4912,94.1421585083008
4915,95.4990921020508
4916,104.248870849609
4917,93.8688659667969
4920,104.172721862793
4927,103.321708679199
4928,93.9066696166992
4931,104.510810852051
4934,93.3984451293945
4936,96.1425933837891
4939,110.791320800781
4942,112.927909851074
4943,100.617767333984
4944,102.84236907959
4945,95.0322570800781
4947,111.892967224121
4948,94.7294616699219
4951,94.6037139892578
4952,113.642234802246
4953,93.0098571777344
4956,94.2197265625
4957,113.978302001953
4958,93.9978561401367
4960,93.3167495727539
4968,95.8692092895508
4969,103.941207885742
4971,103.019073486328
4973,114.596374511719
4975,113.382698059082
4976,94.8514633178711
4978,94.7397384643555
4979,113.162078857422
4982,96.5059585571289
4983,111.82022857666
4984,92.7644119262695
4985,116.041122436523
4986,93.8098907470703
4987,114.137847900391
4988,94.7397079467773
4994,95.6766662597656
4995,94.8588256835938
5002,80.8419342041016
5004,94.1973724365234
5005,103.77515411377
5006,94.9977340698242
5007,103.939521789551
5009,112.430892944336
5011,114.596374511719
5014,93.9810791015625
5015,104.134490966797
5018,94.2886505126953
5019,112.294509887695
5020,93.8450546264648
5021,112.090682983398
5022,96.4581756591797
5023,93.2624816894531
5025,98.1683959960938
5032,94.4850921630859
5034,95.7036285400391
5036,92.8497085571289
5038,95.7285995483398
5039,111.229713439941
5046,95.6602630615234
5049,112.294509887695
5051,94.89208984375
5052,93.5288925170898
5053,113.91325378418
5054,96.2948150634766
5055,95.8615341186523
5057,94.1120147705078
5059,95.3582000732422
5062,94.9544143676758
5063,111.90877532959
5065,112.786590576172
5069,95.4870376586914
5071,96.5423126220703
5074,112.258842468262
5075,94.0107116699219
5076,114.274787902832
5077,78.8914337158203
5079,104.953323364258
5080,96.2097625732422
5081,113.601150512695
5083,103.331924438477
5088,103.668830871582
5089,94.9906921386719
5093,111.781791687012
5094,104.33349609375
5095,96.7831573486328
5099,112.671203613281
5101,113.297378540039
5103,103.543533325195
5104,94.2975082397461
5105,112.547760009766
5107,97.0133972167969
5108,113.510353088379
5109,94.5188369750977
5111,94.312629699707
5112,112.325660705566
5113,95.0351181030273
5114,112.236236572266
5115,94.6945037841797
5118,95.022834777832
5122,95.1081085205078
5123,79.3378219604492
5125,94.1175689697266
5127,104.163284301758
5128,95.5730133056641
5129,112.139488220215
5132,95.1658706665039
5134,114.147888183594
5135,93.9768600463867
5137,112.990447998047
5142,94.3163528442383
5143,103.479225158691
5144,96.027473449707
5148,95.4145050048828
5149,94.0483016967773
5150,105.722694396973
5154,79.8609771728516
5155,95.122673034668
5159,93.9426193237305
5164,95.6137084960938
5165,115.006607055664
5166,94.2906494140625
5167,113.174575805664
5169,93.8069458007812
5171,93.0396041870117
5172,111.551895141602
5176,94.1753158569336
5184,110.410781860352
5185,95.1984176635742
5186,112.925285339355
5188,104.637298583984
5189,111.723373413086
5190,94.7909545898438
5191,115.006607055664
5193,112.950500488281
5196,94.3936462402344
5199,78.3055877685547
5200,104.812980651855
5203,93.7457275390625
5204,115.587966918945
5205,93.4539108276367
5207,94.2392349243164
5208,109.934097290039
5212,95.2101135253906
5214,94.5872192382812
5218,93.1203994750977
5220,94.4841232299805
5222,93.4609451293945
5224,96.1828994750977
5225,104.755142211914
5227,109.408851623535
5229,103.949119567871
5232,92.9757308959961
5233,115.487442016602
5234,104.641548156738
5237,112.141746520996
5239,114.311508178711
5240,93.6849822998047
5241,112.735359191895
5244,94.7058486938477
5248,110.97200012207
5251,93.0445785522461
5253,95.2457962036133
5255,95.1090621948242
5256,101.936874389648
5257,93.5770797729492
5259,97.7335205078125
5260,112.57120513916
5266,95.5453567504883
5268,93.8018798828125
5275,112.65966796875
5276,113.574645996094
5277,95.8652114868164
5279,96.0472793579102
5280,103.321746826172
5281,94.4342498779297
5283,94.7340316772461
5284,79.2462844848633
5285,95.2105941772461
5286,102.784767150879
5287,93.5504684448242
5289,94.595085144043
5290,112.950500488281
5292,104.177238464355
5293,94.4767074584961
5294,103.811828613281
5297,95.4389038085938
5299,103.758590698242
5302,95.4252319335938
5305,78.822624206543
5306,95.5969161987305
5308,95.1108322143555
5309,95.2256927490234
5310,112.59252166748
5312,112.141593933105
5316,113.74405670166
5317,96.0104141235352
5319,79.7241821289062
5320,96.5920715332031
5323,95.1368637084961
5329,112.318885803223
5331,111.436210632324
5334,111.467567443848
5336,113.807685852051
5338,103.989402770996
5341,94.0061874389648
5345,96.8293304443359
5348,94.8381271362305
5349,111.98511505127
5355,105.243217468262
5356,94.5487670898438
5360,104.360122680664
5362,111.768814086914
5364,113.41968536377
5366,103.692733764648
5367,97.4655380249023
5368,95.3889312744141
5370,94.7025833129883
5371,78.7045288085938
5373,103.804656982422
5375,112.141746520996
5376,93.2020111083984
5378,113.039695739746
5379,95.2372436523438
5383,94.6784820556641
5384,103.771728515625
5389,111.056091308594
5391,78.8423385620117
5393,111.266914367676
5395,112.921821594238
5397,112.325256347656
5398,92.6911849975586
5399,112.646064758301
5401,114.134071350098
5402,92.9583969116211
5403,112.801155090332
5404,93.307991027832
5407,79.0032196044922
5408,94.7066192626953
5413,111.796203613281
5414,94.0940856933594
5417,94.9599990844727
5418,104.177238464355
5420,112.766006469727
5421,93.2285308837891
5424,94.2878875732422
5425,115.587966918945
5426,94.4053649902344
5429,112.156532287598
5431,93.6124420166016
5437,102.056884765625
5440,93.4786911010742
5444,105.145820617676
5446,104.491195678711
5447,93.1208877563477
5451,95.6854705810547
5452,109.594787597656
5455,104.641548156738
5456,94.8962326049805
5458,94.1521835327148
5459,113.566902160645
5460,95.4595031738281
5462,95.7142105102539
5463,112.312728881836
5464,94.7274169921875
5465,114.083122253418
5466,96.3830261230469
5467,103.567810058594
5468,95.6217803955078
5469,113.20140838623
5472,94.8779602050781
5474,93.7912521362305
5475,111.408508300781
5476,95.7009429931641
5479,104.356864929199
5480,112.607521057129
5482,110.88111114502
5485,93.1105880737305
5486,115.515014648438
5488,80.0003814697266
5495,103.949119567871
5496,94.7488250732422
5497,112.496315002441
5499,112.803588867188
5503,94.9775085449219
5504,93.9042205810547
5507,96.8512115478516
5509,95.8838500976562
5511,94.68798828125
5512,112.884429931641
5516,111.64884185791
5517,95.0584487915039
5518,104.875854492188
5521,94.4492492675781
5522,104.379013061523
5527,95.3342895507812
5528,94.23486328125
5529,110.890472412109
5532,94.2802200317383
5533,112.47972869873
5535,104.937133789062
5536,98.3451995849609
5540,93.7127685546875
5547,94.4189987182617
5548,111.265739440918
5550,79.5077133178711
5551,95.1385040283203
5554,112.05859375
5555,93.8183822631836
5559,112.133880615234
5560,95.0261154174805
5561,113.472671508789
5562,93.4524536132812
5563,111.768569946289
5565,79.3039016723633
5566,93.2474212646484
5567,104.159820556641
5568,94.4683990478516
5572,95.1935501098633
5574,94.141845703125
5576,96.0172653198242
5579,111.82201385498
5580,79.1239929199219
5581,93.9819030761719
5583,94.3812103271484
5584,113.135948181152
5586,111.924461364746
5587,93.8262710571289
5589,102.214912414551
5591,103.014892578125
5592,93.2855529785156
5593,112.592880249023
5594,95.1090698242188
5595,78.8135147094727
5596,112.576766967773
5597,111.948081970215
5598,114.181739807129
5599,94.0764999389648
5602,111.173248291016
5603,95.1090698242188
5605,93.2321929931641
5607,94.5653533935547
5608,110.872955322266
5609,94.2427978515625
5610,92.2333908081055
5612,94.0319900512695
5613,111.348709106445
5614,94.5758056640625
5616,94.6498947143555
5621,96.7578353881836
5623,94.4288024902344
5628,113.25846862793
5629,92.6353378295898
5631,95.1658172607422
5633,103.333534240723
5638,104.555160522461
5639,94.4853973388672
5640,105.341697692871
5645,94.7808227539062
5646,79.860466003418
5649,94.7271423339844
5653,113.648567199707
5655,113.057395935059
5656,95.7121810913086
5658,95.5007171630859
5662,115.388526916504
5663,92.7333755493164
5667,93.1839141845703
5670,94.0764999389648
5671,102.342971801758
5672,94.1393280029297
5673,103.836776733398
5674,94.4777374267578
5675,104.231201171875
5676,95.0567016601562
5679,112.16764831543
5683,111.499267578125
5687,94.314826965332
5688,78.9741668701172
5690,93.6803741455078
5691,112.716644287109
5692,94.0179443359375
5693,111.561599731445
5694,95.3657989501953
5697,111.960289001465
5698,92.342529296875
5699,111.631057739258
5704,94.4356460571289
5707,112.16764831543
5709,101.949508666992
5710,94.3440933227539
5714,93.581787109375
5718,93.3487091064453
5721,96.8277206420898
5723,94.3062744140625
5724,112.114082336426
5725,95.9532165527344
5726,112.032356262207
5729,96.9350738525391
5730,104.003082275391
5731,95.1250305175781
5733,79.1004943847656
5736,92.9176025390625
5741,102.534439086914
5745,111.238983154297
5747,94.3626174926758
5748,104.544189453125
5750,111.391967773438
5751,94.4403991699219
5752,94.0272598266602
5754,94.9151077270508
5755,94.4369583129883
5757,94.8450469970703
5758,115.607765197754
5760,103.011085510254
5762,103.547309875488
5766,112.28311920166
5768,97.247314453125
5769,114.648918151855
5770,94.6710586547852
5771,112.10228729248
5772,95.2612991333008
5773,112.157341003418
5774,93.3764724731445
5776,94.9914627075195
5777,111.631057739258
5778,94.2084655761719
5780,111.287353515625
5782,94.2244491577148
5783,78.3372192382812
5784,96.9791717529297
5786,95.9885482788086
5788,95.6621322631836
5789,112.261856079102
5790,93.9706420898438
5791,103.866111755371
5793,103.139587402344
5794,95.150634765625
5796,115.809532165527
5797,94.0085296630859
5801,92.6798400878906
5803,94.314826965332
5804,112.04076385498
5805,93.6878509521484
5806,79.6903991699219
5808,111.255783081055
5813,94.9571762084961
5815,94.3036346435547
5816,105.01057434082
5822,94.5539703369141
5823,111.491363525391
5825,104.157455444336
5827,112.430740356445
5829,101.12377166748
5830,95.6944808959961
5831,112.723541259766
5832,93.7260513305664
5833,111.255783081055
5837,113.37377166748
5838,93.8557052612305
5839,96.0843505859375
5842,105.341697692871
5844,111.91081237793
5845,102.980979919434
5846,111.426124572754
5848,79.1503753662109
5850,113.453453063965
5851,94.4691390991211
5853,97.247314453125
5854,104.604774475098
5858,105.341697692871
5860,111.859756469727
5864,104.949966430664
5866,95.7083969116211
5867,112.16764831543
5868,93.7985763549805
5869,114.815658569336
5870,93.7355041503906
5871,113.778427124023
5874,114.773719787598
5876,113.102737426758
5877,92.611213684082
5878,93.4464797973633
5879,112.05061340332
5880,93.1558074951172
5884,93.9212036132812
5886,112.175086975098
5890,98.2257537841797
5896,95.3645782470703
5897,103.015319824219
5898,97.247314453125
5901,104.815528869629
5903,112.991996765137
5906,92.2333908081055
5908,111.398574829102
5909,91.3513565063477
5910,111.348709106445
5911,94.4653625488281
5912,112.135551452637
5914,114.773719787598
5919,112.450531005859
5924,94.4380416870117
5926,95.5013656616211
5929,104.682479858398
5930,94.3996353149414
5932,96.3691482543945
5933,113.535469055176
5934,94.1273956298828
5935,112.929168701172
5936,95.5228042602539
5937,111.73755645752
5938,94.1313323974609
5939,110.224494934082
5942,111.298027038574
5943,95.1369552612305
5944,103.947410583496
5946,111.50798034668
5951,93.5276870727539
5953,103.374519348145
5954,95.416389465332
5957,103.247779846191
5961,95.431282043457
5962,104.909858703613
5964,79.4392013549805
5965,94.2507095336914
5968,114.274116516113
5969,94.2402648925781
5974,92.9807205200195
5975,111.219902038574
5978,78.8257598876953
5981,103.056869506836
5982,95.4681930541992
5983,113.729484558105
5989,111.72403717041
5991,94.1484909057617
5992,103.183052062988
5995,95.3439788818359
5996,102.007736206055
5997,110.972984313965
5998,94.5523376464844
5999,76.9776229858398
6001,112.311096191406
6002,95.7889709472656
6003,109.819725036621
6004,95.416389465332
6006,113.588996887207
6007,96.1938247680664
6011,98.3727188110352
6012,104.449211120605
6014,95.9888305664062
6015,103.274635314941
6016,94.5155334472656
6017,110.93856048584
6018,96.906982421875
6024,94.4336242675781
6025,104.573143005371
6026,112.207710266113
6028,112.321784973145
6029,79.5310668945312
6030,92.5255737304688
6036,114.274116516113
6040,93.9276351928711
6041,111.45240020752
6042,93.6928482055664
6044,95.6828460693359
6045,104.058410644531
6047,102.908851623535
6048,93.6413497924805
6049,111.295249938965
6051,114.320892333984
6052,115.260276794434
6053,90.914176940918
6054,111.604560852051
6058,104.472564697266
6059,93.8762893676758
6062,96.9696502685547
6063,115.29793548584
6064,102.4130859375
6065,93.9276351928711
6067,94.0545883178711
6068,111.706108093262
6070,104.224304199219
6071,95.8637084960938
6072,111.751525878906
6080,111.713302612305
6081,95.3128280639648
6084,104.524368286133
6087,94.6013031005859
6089,104.783485412598
6092,111.751525878906
6094,93.8541717529297
6095,113.666831970215
6097,111.634979248047
6100,93.9837646484375
6104,105.097869873047
6105,94.0772476196289
6106,110.726387023926
6107,82.8868713378906
6108,92.8279342651367
6109,111.713302612305
6110,94.1755447387695
6114,111.713302612305
6116,93.5508422851562
6117,103.454040527344
6118,94.6641998291016
6123,78.7494659423828
6125,113.661979675293
6128,109.88117980957
6130,104.112289428711
6132,110.985656738281
6137,78.7755966186523
6139,113.463096618652
6140,95.1805953979492
6141,111.344482421875
6142,104.332748413086
6144,108.183670043945
6145,94.4640426635742
6146,93.5629806518555
6149,90.5157318115234
6156,94.5097427368164
6159,111.25545501709
6160,95.1805953979492
6162,103.554832458496
6164,112.135780334473
6165,92.8155670166016
6168,78.8735275268555
6169,111.609069824219
6170,94.3900527954102
6171,111.366607666016
6172,92.8462448120117
6173,114.720367431641
6176,97.2250823974609
6177,92.5809631347656
6178,94.4136276245117
6180,94.7671508789062
6181,102.381149291992
6182,94.2588043212891
6185,92.475471496582
6186,111.233665466309
6188,112.064918518066
6189,95.2598342895508
6192,104.524368286133
6193,93.7962341308594
6194,104.058410644531
6195,94.4783020019531
6196,115.003211975098
6197,93.8545532226562
6201,111.77409362793
6202,92.9932708740234
6203,112.129791259766
6204,94.1071472167969
6207,115.21875
6209,94.6467666625977
6210,93.3579025268555
6211,112.489166259766
6213,111.218299865723
6216,92.9463119506836
6217,94.2903900146484
6219,94.6572723388672
6222,79.3918991088867
6223,94.2636032104492
6235,96.9568634033203
6240,94.5024337768555
6242,93.7680358886719
6247,94.1986694335938
6251,113.071495056152
6254,111.528076171875
6255,95.5420074462891
6260,102.844947814941
6261,95.4432678222656
6262,105.274124145508
6264,111.930770874023
6269,105.026397705078
6271,104.412353515625
6275,111.662155151367
6276,94.3217849731445
6278,95.4771118164062
6279,113.110877990723
6281,112.941558837891
6284,92.0334625244141
6286,93.2515411376953
6287,78.9120864868164
6288,93.621208190918
6292,94.7691421508789
6293,94.0971984863281
6295,93.1249923706055
6298,113.443962097168
6300,112.004028320312
6304,102.647621154785
6308,112.642333984375
6310,94.5219421386719
6312,111.751525878906
6320,95.5889358520508
6324,93.2739715576172
6325,112.902450561523
6330,94.9341354370117
6336,111.895370483398
6340,104.474136352539
6341,96.9568634033203
6342,103.093719482422
6344,94.1802825927734
6345,112.216812133789
6347,112.037460327148
6348,94.5629653930664
6349,113.443962097168
6351,79.2183227539062
6353,111.397727966309
6354,94.7787322998047
6357,97.3464584350586
6358,103.273345947266
6360,102.494567871094
6363,113.159545898438
6364,92.3359451293945
6368,112.39900970459
6370,93.6000442504883
6371,94.1389770507812
6377,95.7490844726562
6379,93.2330856323242
6381,94.4917068481445
6382,78.1349945068359
6383,111.447204589844
6388,110.804176330566
6390,111.686126708984
6392,102.958808898926
6393,94.4271240234375
6395,92.64306640625
6398,102.961303710938
6401,77.9889526367188
6402,93.9060134887695
6403,110.872566223145
6405,93.8259658813477
6406,92.8107681274414
6407,112.070846557617
6409,102.826034545898
6411,92.3389739990234
6413,94.0648498535156
6416,103.657180786133
6417,92.4936676025391
6418,93.3246154785156
6419,115.509841918945
6420,111.825126647949
6426,112.34016418457
6429,92.8612823486328
6430,93.328239440918
6431,110.872566223145
6432,93.2289733886719
6434,95.6772689819336
6437,110.995018005371
6438,93.9078750610352
6439,102.755683898926
6440,94.0815887451172
6441,94.5080947875977
6442,109.411575317383
6443,95.3402557373047
6445,93.7895355224609
6448,111.719276428223
6450,111.541130065918
6453,95.0112838745117
6455,93.8856735229492
6457,92.9999542236328
6458,111.674415588379
6461,94.7553634643555
6464,111.33772277832
6467,93.9404525756836
6469,94.6110305786133
6470,78.7432556152344
6471,93.4128189086914
6473,103.088737487793
6474,93.1743621826172
6479,94.4311676025391
6481,94.3332290649414
6484,110.694602966309
6495,94.8565826416016
6496,113.332389831543
6505,111.726264953613
6506,94.311767578125
6508,95.7507476806641
6509,92.6189422607422
6510,103.837432861328
6512,103.299743652344
6513,93.9191665649414
6514,112.603202819824
6515,92.8869094848633
6519,93.974739074707
6521,93.2467041015625
6523,78.0909729003906
6525,106.562072753906
6526,92.9423294067383
6528,94.5158233642578
6529,112.866508483887
6531,103.155227661133
6533,104.552703857422
6534,95.1121520996094
6535,110.910507202148
6536,93.4510192871094
6537,111.862258911133
6540,94.1118850708008
6541,111.447204589844
6547,93.906623840332
6548,111.354438781738
6551,112.447959899902
6553,111.44361114502
6555,105.988052368164
6556,95.5968780517578
6561,78.6875991821289
6564,93.3672027587891
6565,110.910507202148
6568,92.9220962524414
6569,109.57967376709
6573,104.708709716797
6574,94.8275375366211
6577,112.908401489258
6579,111.969718933105
6581,93.2191696166992
6582,111.039527893066
6585,102.233169555664
6586,93.8641357421875
6589,104.409324645996
6590,78.390510559082
6593,92.5280838012695
6594,111.416748046875
6595,91.9662628173828
6599,91.8408279418945
6600,93.7279205322266
6601,111.06713104248
6602,91.9226989746094
6603,111.719276428223
6604,94.5165939331055
6607,103.112525939941
6608,103.584854125977
6609,93.3723831176758
6611,93.0617980957031
6613,109.57967376709
6614,93.3114242553711
6616,93.0647354125977
6617,109.411575317383
6618,94.1391067504883
6619,102.701454162598
6621,105.988052368164
6627,103.180198669434
6629,109.996543884277
6631,78.2289199829102
6634,93.9916915893555
6636,93.9446334838867
6638,92.9220962524414
6639,109.411575317383
6641,111.378074645996
6642,93.6753234863281
6651,112.773773193359
6654,78.7677154541016
6657,93.9677200317383
6663,93.8564147949219
6665,110.969230651855
6666,95.0474014282227
6668,94.2085342407227
6669,106.170532226562
6670,94.4557342529297
6671,93.5665588378906
6673,94.7214736938477
6675,93.4679412841797
6676,77.9152069091797
6677,93.518669128418
6679,94.1096801757812
6680,111.627342224121
6681,103.837432861328
6685,103.091934204102
6688,93.6400146484375
6689,91.51416015625
6690,110.248741149902
6692,109.57967376709
6693,94.0734558105469
6694,94.5953063964844
6698,113.765846252441
6699,93.5969848632812
6700,111.614906311035
6701,92.9999542236328
6702,110.464889526367
6704,91.51416015625
6707,111.292999267578
6712,112.447723388672
6713,93.0877075195312
6715,93.830680847168
6721,109.835845947266
6722,93.7805252075195
6723,111.297203063965
6724,95.2370681762695
6725,115.400802612305
6731,111.384567260742
6735,94.2027969360352
6736,93.783332824707
6737,104.730140686035
6738,95.3925247192383
6739,104.27978515625
6741,105.359939575195
6743,93.4344177246094
6745,94.2085342407227
6747,111.257926940918
6749,93.1049499511719
6750,104.453201293945
6751,114.645149230957
6752,93.4669036865234
6753,109.57967376709
6755,114.38200378418
6756,92.5126800537109
6757,102.548965454102
6759,114.270164489746
6761,93.029899597168
6763,93.4128189086914
6764,114.454429626465
6765,94.2938003540039
6766,111.556915283203
6768,112.681549072266
6771,91.51416015625
6773,93.3839416503906
6774,94.2518997192383
6778,104.107139587402
6779,94.8395767211914
6781,92.6512985229492
6784,93.1766662597656
6786,93.9080276489258
6787,112.075355529785
6790,92.9740676879883
6793,103.991897583008
6795,109.208549499512
6798,111.318382263184
6806,103.048645019531
6807,94.5653457641602
6810,93.6491317749023
6815,111.468185424805
6816,92.8380584716797
6817,101.947814941406
6818,94.1735305786133
6819,102.876235961914
6820,94.9006500244141
6822,92.8095474243164
6823,113.031311035156
6824,111.365043640137
6825,94.4305572509766
6828,76.8536224365234
6829,111.499168395996
6831,109.98860168457
6832,92.1404724121094
6833,111.090087890625
6834,93.7176513671875
6836,97.6774520874023
6837,111.533470153809
6838,92.7584686279297
6840,103.742210388184
6843,92.0151062011719
6845,91.4472732543945
6846,92.8130035400391
6847,111.092132568359
6851,112.319366455078
6852,93.0453948974609
6853,111.59984588623
6858,94.3089370727539
6861,111.175857543945
6863,110.318710327148
6864,77.7324371337891
6865,92.40625
6866,110.33039855957
6867,94.4440612792969
6868,101.764251708984
6869,94.4169769287109
6870,111.365043640137
6874,110.961730957031
6875,92.9499206542969
6877,112.143356323242
6878,93.8166351318359
6880,96.3061447143555
6883,111.495956420898
6884,93.4366760253906
6886,93.8498306274414
6890,93.0196380615234
6893,111.952522277832
6894,92.5923538208008
6899,112.143356323242
6900,93.3310546875
6904,92.6635055541992
6905,110.311233520508
6906,93.5714416503906
6910,93.1500091552734
6912,102.873809814453
6913,112.122734069824
6920,92.4704132080078
6922,93.7683715820312
6923,109.208549499512
6926,93.9125823974609
6927,111.862403869629
6928,92.4233474731445
6931,111.250038146973
6933,94.6792907714844
6936,92.7200469970703
6937,111.039764404297
6939,112.624137878418
6941,92.9821548461914
6942,112.25806427002
6943,93.1681289672852
6944,102.484474182129
6945,95.1999282836914
6946,111.386962890625
6947,113.23119354248
6949,103.018981933594
6951,103.235870361328
6953,111.914733886719
6954,92.5340957641602
6955,110.280235290527
6963,110.218620300293
6964,91.7597122192383
6966,93.3562088012695
6968,92.9418029785156
6970,101.581985473633
6972,111.639686584473
6976,110.601417541504
6978,110.33039855957
6981,102.564933776855
6985,102.792831420898
6986,92.9629821777344
6987,109.815528869629
6989,112.813217163086
6991,113.031311035156
6993,111.491157531738
6994,95.2154541015625
6995,112.720207214355
6996,94.5664443969727
6997,112.553146362305
6998,78.9299774169922
7001,110.934211730957
7003,110.525299072266
7006,92.9636611938477
7008,97.7817840576172
7010,90.868293762207
7011,94.5620269775391
7012,112.095573425293
7013,93.1184997558594
7014,110.891189575195
7017,103.097244262695
7018,93.9068756103516
7019,90.3017196655273
7023,94.2220993041992
7024,102.534378051758
7025,92.7802200317383
7026,110.030075073242
7027,91.9517669677734
7028,112.302734375
7030,109.208549499512
7031,93.2164535522461
7033,111.165435791016
7036,92.8869400024414
7037,93.8174667358398
7039,93.8419494628906
7044,93.1948394775391
7045,111.533470153809
7046,94.8838500976562
7049,103.581573486328
7050,95.4897003173828
7051,101.581985473633
7054,111.399711608887
7055,95.090087890625
7057,93.4968795776367
7060,112.143356323242
7061,97.7308883666992
7063,92.6101150512695
7064,109.430610656738
7067,96.3061447143555
7071,92.0985336303711
7074,102.77067565918
7075,94.4685211181641
7078,111.533470153809
7079,90.4882202148438
7080,112.292358398438
7081,94.0219955444336
7082,111.218528747559
7083,91.8214797973633
7085,110.68359375
7092,102.522109985352
7094,93.802131652832
7100,93.0954284667969
7101,110.164253234863
7102,110.33039855957
7104,110.87028503418
7105,97.7308883666992
7106,92.8312149047852
7107,102.55997467041
7108,76.8749084472656
7109,93.9376068115234
7110,111.039764404297
7112,93.3540115356445
7113,103.376838684082
7114,93.9920959472656
7116,109.872314453125
7117,95.3314208984375
7118,103.623565673828
7120,94.7511367797852
7121,103.264015197754
7123,102.08154296875
7124,94.2631225585938
7127,106.876457214355
7131,101.844528198242
7132,94.1735305786133
7133,91.3609390258789
7134,110.425354003906
7135,92.3629455566406
7136,110.489723205566
7137,92.5668716430664
7141,93.8713455200195
7144,102.89990234375
7147,111.114395141602
7148,92.9330596923828
7150,91.7565536499023
7151,94.7511367797852
7152,103.223007202148
7154,95.8227767944336
7156,94.1580200195312
7157,102.295829772949
7159,113.323593139648
7161,93.7052688598633
7163,92.3310241699219
7164,102.158920288086
7167,77.3128662109375
7169,103.039505004883
7170,94.0619430541992
7173,92.1222229003906
7174,101.818069458008
7177,110.951683044434
7178,104.463096618652
7179,92.3573989868164
7180,81.2484741210938
7181,111.060173034668
7182,94.2505187988281
7184,93.1392974853516
7185,113.438697814941
7186,93.1259155273438
7187,112.418060302734
7188,93.7235946655273
7189,111.738983154297
7191,102.040229797363
7193,110.558250427246
7197,98.2433013916016
7199,93.7397384643555
7200,111.179908752441
7201,92.3629455566406
7204,93.0562438964844
7207,111.18497467041
7209,110.318710327148
7210,93.8249359130859
7211,103.764114379883
7213,93.5868377685547
7214,112.553146362305
7216,111.206817626953
7217,94.0345611572266
7220,112.164352416992
7224,109.208549499512
7225,93.8516998291016
7226,111.206817626953
7227,93.0104904174805
7234,113.438697814941
7236,92.7413635253906
7239,103.621856689453
7240,93.2428970336914
7242,112.834182739258
7244,110.694053649902
7245,91.2809143066406
7247,111.351615905762
7248,93.5688400268555
7249,115.919387817383
7250,111.460395812988
7251,93.9033279418945
7252,112.033538818359
7253,78.370719909668
7256,93.8492202758789
7260,94.1386795043945
7261,112.740463256836
7264,95.0749740600586
7269,110.759971618652
7270,93.3511962890625
7273,111.850975036621
7279,93.0075302124023
7281,111.991188049316
7284,93.1540985107422
7285,111.88257598877
7286,115.575782775879
7287,91.4334335327148
7289,93.4553146362305
7292,91.8195571899414
7293,111.248321533203
7296,94.667121887207
7297,110.918479919434
7298,91.2342758178711
7299,112.867042541504
7301,101.638092041016
7304,109.649856567383
7306,113.782264709473
7308,93.4553146362305
7309,102.45433807373
7312,91.7631912231445
7313,78.370719909668
7314,92.635368347168
7316,93.4522705078125
7319,115.998832702637
7321,96.7404708862305
7323,93.8446502685547
7324,102.860626220703
7325,94.2944030761719
7328,101.688514709473
7330,77.6428375244141
7334,93.7167205810547
7337,113.641326904297
7338,95.008674621582
7339,92.640510559082
7341,92.7858200073242
7342,111.502647399902
7344,111.250411987305
7345,111.38077545166
7347,110.081123352051
7349,111.991188049316
7350,94.1647872924805
7353,111.671974182129
7355,112.543441772461
7356,94.0138244628906
7357,114.959655761719
7358,94.6792221069336
7360,93.1901168823242
7363,102.956367492676
7364,94.0043106079102
7366,93.2182922363281
7368,93.3996200561523
7369,111.011573791504
7370,93.0624771118164
7373,93.4454956054688
7374,111.87744140625
7375,93.5683670043945
7377,93.7073745727539
7379,92.6367034912109
7380,112.354431152344
7382,110.838134765625
7383,94.4102249145508
7385,93.7959747314453
7386,102.929794311523
7391,94.7135925292969
7394,108.32088470459
7396,111.460395812988
7397,93.3344192504883
7399,93.8309860229492
7400,104.262512207031
7403,78.2871856689453
7405,111.404502868652
7408,112.091430664062
7414,110.641372680664
7416,102.721946716309
7417,92.5991744995117
7419,94.3882446289062
7420,106.147438049316
7421,93.5011978149414
7422,94.1299591064453
7423,101.698402404785
7425,78.2829742431641
7430,93.840950012207
7432,93.6543502807617
7433,96.1753997802734
7434,111.111541748047
7436,111.172477722168
7437,92.5867919921875
7438,101.989784240723
7440,104.507461547852
7441,92.8545379638672
7442,110.116394042969
7445,112.239074707031
7446,102.276565551758
7448,111.061195373535
7450,102.805503845215
7451,93.4861679077148
7454,111.157409667969
7455,93.4591827392578
7457,111.657989501953
7459,101.593170166016
7462,92.6756286621094
7464,93.4861679077148
7465,111.141792297363
7466,92.3720321655273
7467,110.201286315918
7469,112.888336181641
7472,94.4335403442383
7473,109.175254821777
7479,93.7167205810547
7480,103.184936523438
7484,110.69310760498
7491,93.1013565063477
7494,104.944755554199
7495,93.588020324707
7501,94.6349868774414
7503,92.9965744018555
7504,103.285583496094
7505,92.9979934692383
7508,110.406623840332
7509,92.4482879638672
7510,78.370719909668
7511,110.587249755859
7515,93.3271408081055
7516,103.114143371582
7517,93.2533721923828
7518,103.672088623047
7519,93.1270446777344
7521,93.5672149658203
7522,103.113571166992
7524,103.895606994629
7526,102.617645263672
7527,92.9387054443359
7528,102.277954101562
7529,93.9590682983398
7534,110.674209594727
7537,111.98543548584
7538,94.7941665649414
7540,94.6600341796875
7541,111.789665222168
7545,112.665184020996
7551,112.388648986816
7553,94.6469650268555
7554,102.541976928711
7555,94.338981628418
7561,111.170166015625
7562,97.1741561889648
7564,92.4809646606445
7565,104.522087097168
7566,93.5137481689453
7567,113.295333862305
7569,101.828765869141
7570,94.4290084838867
7571,112.68675994873
7572,93.4236755371094
7574,103.893760681152
7578,112.448570251465
7579,93.2945175170898
7586,92.5431137084961
7587,79.2787017822266
7590,93.2756881713867
7593,109.175254821777
7594,93.9665374755859
7595,93.5137481689453
7600,92.4806442260742
7601,78.8276519775391
7602,92.3547286987305
7603,111.679473876953
7604,92.7766647338867
7606,92.848518371582
7608,112.904891967773
7613,78.822135925293
7615,110.121284484863
7616,110.406150817871
7617,115.281433105469
7618,92.9387054443359
7619,102.305137634277
7622,94.6191329956055
7623,101.95516204834
7624,93.8449859619141
7625,102.889488220215
7626,94.2618637084961
7627,104.512901306152
7628,77.0870361328125
7631,103.008193969727
7632,102.956382751465
7633,95.3597869873047
7634,112.886299133301
7635,92.0377655029297
7636,112.933586120605
7637,112.933586120605
7639,92.5205001831055
7640,77.6482925415039
7644,112.131500244141
7645,92.3702697753906
7648,102.757385253906
7649,93.1771697998047
7650,111.909957885742
7652,111.141792297363
7653,92.5765991210938
7655,94.2518768310547
7659,110.108428955078
7662,95.2030181884766
7664,94.2262878417969
7666,96.1078720092773
7668,93.4146957397461
7669,110.060394287109
7670,92.5289001464844
7672,94.3832626342773
7673,111.025421142578
7678,91.8382568359375
7679,78.764045715332
7680,103.940078735352
7683,92.8385848999023
7685,115.575782775879
7688,93.9818496704102
7690,110.142402648926
7692,92.7526550292969
7693,95.5078964233398
7695,113.641326904297
7696,93.6011047363281
7698,93.1256713867188
7699,111.245124816895
7702,93.0247116088867
7703,111.691535949707
7704,92.3973922729492
7707,110.587249755859
7713,79.1075973510742
7715,102.612968444824
7717,108.705596923828
7718,92.4292449951172
7719,101.984565734863
7721,110.851669311523
7722,93.0992965698242
7725,100.497665405273
7727,101.64542388916
7730,78.4908752441406
7733,92.2849655151367
7735,101.518745422363
7740,111.625221252441
7741,110.341499328613
7742,91.3103942871094
7744,112.492080688477
7747,92.1312408447266
7750,77.6436080932617
7752,110.94181060791
7754,110.353645324707
7756,103.26798248291
7757,92.6420822143555
7758,101.988716125488
7760,103.522071838379
7761,93.0971832275391
7763,110.66291809082
7765,93.146110534668
7767,112.986351013184
7768,92.7632217407227
7771,91.7024765014648
7773,90.6476211547852
7774,110.78296661377
7776,103.053825378418
7779,92.3252182006836
7783,90.9778137207031
7786,103.195587158203
7787,92.7351150512695
7789,91.7635726928711
7791,92.5978698730469
7793,91.8760528564453
7794,108.822372436523
7795,92.1685028076172
7799,77.0213623046875
7800,110.610290527344
7802,93.006721496582
7805,109.423164367676
7807,100.456550598145
7808,92.8076553344727
7811,102.792587280273
7817,109.162322998047
7818,102.065353393555
7819,92.8579940795898
7822,91.8914031982422
7823,110.210502624512
7825,112.016342163086
7828,92.0581512451172
7832,92.7235565185547
7833,77.8573989868164
7834,109.760406494141
7835,92.6027450561523
7837,92.4224395751953
7840,91.1297149658203
7842,93.6594314575195
7843,109.68514251709
7844,92.3870468139648
7846,93.0971832275391
7850,92.3878707885742
7853,110.486549377441
7855,112.23592376709
7858,92.2559204101562
7863,110.876609802246
7865,111.300926208496
7866,91.4324417114258
7868,91.1302337646484
7869,109.69319152832
7871,77.1194763183594
7872,101.114791870117
7874,102.223487854004
7877,111.026580810547
7878,90.6916961669922
7879,109.091011047363
7881,95.5643997192383
7883,92.6624298095703
7885,100.400230407715
7886,94.2562484741211
7889,94.8637466430664
7890,102.651756286621
7891,93.2890853881836
7893,91.9814300537109
7894,101.032043457031
7896,110.667778015137
7898,100.709442138672
7901,92.0162963867188
7902,109.898696899414
7904,110.655113220215
7905,94.1272735595703
7906,111.387512207031
7909,93.816520690918
7910,101.492805480957
7913,92.0219802856445
7918,110.309799194336
7919,91.1840515136719
7923,92.6157455444336
7925,93.4551696777344
7927,91.6166076660156
7930,93.8597412109375
7932,93.2198791503906
7933,92.873664855957
7935,91.0936813354492
7939,103.033912658691
7942,91.8952713012695
7943,108.82494354248
7945,103.380035400391
7946,92.4991073608398
7948,93.7902069091797
7949,107.837882995605
7950,91.8701095581055
7951,112.986351013184
7955,102.840827941895
7959,92.4556579589844
7960,111.625221252441
7961,91.8339080810547
7962,102.165069580078
7964,100.881736755371
7965,93.6849136352539
7966,111.44856262207
7967,102.29768371582
7968,93.2804718017578
7971,102.63313293457
7974,91.1840515136719
7976,109.203742980957
7978,110.426002502441
7982,111.625221252441
7983,93.0893630981445
7984,101.691421508789
7986,92.6981048583984
7989,107.837882995605
7991,109.898696899414
7992,109.708511352539
7993,92.2485656738281
7994,110.495063781738
7995,92.7235565185547
7997,93.3109741210938
7998,101.691421508789
7999,109.162322998047
8002,91.1058959960938
8007,92.6635437011719
8009,92.0862808227539
8011,93.2016220092773
8013,92.496711730957
8015,102.538124084473
8017,111.142028808594
8019,113.244064331055
8023,91.6956787109375
8024,111.06175994873
8026,111.107215881348
8027,92.219612121582
8029,90.7696380615234
8030,110.741119384766
8031,93.7795944213867
8033,94.6977920532227
8035,93.1094131469727
8036,102.61693572998
8039,103.189033508301
8042,91.0077133178711
8044,91.9993286132812
8046,79.0402145385742
8048,111.338020324707
8049,94.1272735595703
8050,101.974761962891
8053,92.1213684082031
8054,92.2881088256836
8059,91.7325439453125
8061,92.8000183105469
8062,109.563430786133
8064,110.436889648438
8066,102.499137878418
8067,93.3935317993164
8068,90.7230682373047
8070,92.7394256591797
8071,110.852355957031
8072,91.4364166259766
8076,91.8925323486328
8080,93.2352752685547
8081,111.201217651367
8084,96.2091217041016
8087,111.148475646973
8089,91.2489624023438
8090,112.559623718262
8091,102.381904602051
8094,112.830421447754
8100,91.7243576049805
8101,93.1172332763672
8110,92.23046875
8111,109.898696899414
8112,93.256591796875
8115,110.265335083008
8116,95.1171722412109
8118,110.436889648438
8121,115.215400695801
8125,108.908378601074
8127,110.197196960449
8128,93.2020568847656
8129,108.834266662598
8131,93.3012542724609
8138,92.1596832275391
8139,102.06224822998
8140,91.9044570922852
8141,90.6476211547852
8142,111.414764404297
8143,109.215347290039
8145,111.107215881348
8146,91.9468078613281
8148,109.849998474121
8153,110.509819030762
8154,90.97705078125
8155,117.570442199707
8161,92.2999649047852
8162,110.15845489502
8163,92.4753036499023
8166,110.75471496582
8168,110.44482421875
8170,91.9195022583008
8172,110.327987670898
8173,91.8381652832031
8176,101.641166687012
8179,93.2316665649414
8181,93.0470275878906
8182,112.1787109375
8184,111.22437286377
8190,102.204597473145
8191,92.0375823974609
8194,109.988037109375
8196,112.689666748047
8198,110.810928344727
8199,110.892997741699
8201,110.770561218262
8202,91.5109176635742
8207,93.9572601318359
8208,108.963836669922
8211,110.036262512207
8214,109.672828674316
8217,91.9455032348633
8218,110.514015197754
8222,93.588623046875
8229,103.062057495117
8231,92.6662139892578
8233,92.2831420898438
8236,93.0589370727539
8238,112.795097351074
8240,101.032646179199
8243,101.764137268066
8246,110.454071044922
8250,91.8794937133789
8254,92.959846496582
8256,77.145881652832
8257,110.299072265625
8258,91.7046661376953
8260,92.978889465332
8261,112.320205688477
8263,111.074607849121
8264,91.5734405517578
8267,110.269233703613
8268,90.3483734130859
8271,91.7958526611328
8272,108.963836669922
8275,94.7379531860352
8276,92.9886093139648
8277,104.141471862793
8278,112.367477416992
8279,92.4128646850586
8280,109.963607788086
8281,93.6118316650391
8282,109.643043518066
8287,111.212135314941
8288,91.3899993896484
8289,112.16707611084
8294,92.7343368530273
8296,92.2282257080078
8299,110.419158935547
8302,101.284675598145
8308,111.271789550781
8314,101.580688476562
8315,91.8978042602539
8316,111.021064758301
8317,92.837646484375
8319,109.996101379395
8320,90.6006011962891
8321,114.932167053223
8323,93.0567169189453
8325,91.521598815918
8326,109.529190063477
8328,109.267280578613
8330,109.135360717773
8331,91.3722229003906
8332,111.274848937988
8334,91.5996551513672
8338,91.5746917724609
8339,93.3755187988281
8341,91.4598999023438
8345,109.799652099609
8346,92.8004989624023
8347,102.298187255859
8349,93.4738922119141
8351,91.9132232666016
8352,110.47745513916
8353,109.267280578613
8355,110.47966003418
8358,109.851539611816
8359,109.201454162598
8360,92.7796783447266
8361,109.98738861084
8363,102.706176757812
8364,92.0987930297852
8365,92.2721786499023
8366,102.486549377441
8370,109.891082763672
8372,91.7568206787109
8376,92.7862777709961
8377,110.033256530762
8379,109.423469543457
8380,91.6865081787109
8381,110.478591918945
8386,91.2416381835938
8388,101.800521850586
8389,93.5208969116211
8391,112.657264709473
8394,92.959846496582
8396,102.037773132324
8398,101.703247070312
8400,111.212028503418
8401,90.0296478271484
8404,91.4598999023438
8407,93.2046966552734
8408,109.625709533691
8409,110.269874572754
8410,103.713905334473
8411,92.6757431030273
8413,91.9965667724609
8414,110.298919677734
8416,91.9661483764648
